abstract,web_url,snippet,lead_paragraph,print_section,print_page,source,multimedia,keywords,pub_date,document_type,news_desk,section_name,type_of_material,_id,word_count,uri,headline.main,headline.kicker,headline.content_kicker,headline.print_headline,headline.name,headline.seo,headline.sub,byline.original,byline.person,byline.organization,query_consulta,subsection_name
"American Medical Association publishes booklet on diagnosing, managing and treating dementia, a condition that it says afflicts 35 percent to 45 percent of people over 85 to at least some degree (M)",https://www.nytimes.com/1999/12/28/health/dementia-or-simply-old-age-a-guidebook.html,"American Medical Association publishes booklet on diagnosing, managing and treating dementia, a condition that it says afflicts 35 percent to 45 percent of people over 85 to at least some degree (M)","Dementia strikes four million Americans every year, according to the American Medical Association, sapping their memories and their ability to live independently.",F,6,The New York Times,[],"[{'name': 'organizations', 'value': 'AMERICAN MEDICAL ASSN', 'rank': 1, 'major': 'N'}, {'name': 'subject', 'value': 'Dementia', 'rank': 2, 'major': 'N'}, {'name': 'subject', 'value': 'AGED', 'rank': 3, 'major': 'N'}, {'name': 'subject', 'value': 'Mental Health and Disorders', 'rank': 4, 'major': 'N'}]",1999-12-28T05:00:00+0000,article,Health & Fitness,Health,News,nyt://article/86394741-33e3-58d6-b3b4-9f147885f2fc,348,nyt://article/86394741-33e3-58d6-b3b4-9f147885f2fc,"Dementia, Or Simply Old Age? A Guidebook",,,"Dementia, Or Simply Old Age? A Guidebook",,,,By Alisha Berger,"[{'firstname': 'Alisha', 'middlename': None, 'lastname': 'Berger', 'qualifier': None, 'title': None, 'role': 'reported', 'organization': '', 'rank': 1}]",,dementia,
"Ann R Langdon Op-Ed article on treatment of elderly says Congress, which held hearings into complaints about abusive treatment of some elderly people in nursing homes, should consider larger issues of how society treats old in general; says old are often treated with condescension, as chore and as something less than human; drawing (M)",https://www.nytimes.com/1999/07/27/opinion/the-aged-as-an-inconvenience.html,"Ann R Langdon Op-Ed article on treatment of elderly says Congress, which held hearings into complaints about abusive treatment of some elderly people in nursing homes, should consider larger issues of how society treats old in general; says old ar...","My mother, almost 96 years old, has dementia and lives in a nursing home.",A,19,The New York Times,[],"[{'name': 'persons', 'value': 'Langdon, Ann R', 'rank': 1, 'major': 'N'}, {'name': 'subject', 'value': 'AGED', 'rank': 2, 'major': 'N'}, {'name': 'subject', 'value': 'Nursing Homes', 'rank': 3, 'major': 'N'}]",1999-07-27T05:00:00+0000,article,Editorial Desk,Opinion,Op-Ed,nyt://article/d7f37e87-1c2a-5dec-ba78-696a39afdbbf,712,nyt://article/d7f37e87-1c2a-5dec-ba78-696a39afdbbf,The Aged as an Inconvenience,,,The Aged as an Inconvenience,,,,By Ann R. Langdon,"[{'firstname': 'Ann', 'middlename': 'R.', 'lastname': 'Langdon', 'qualifier': None, 'title': None, 'role': 'reported', 'organization': '', 'rank': 1}]",,dementia,
"Statisticians and scientists are increasingly studying centenarians, with their numbers steadily rising; many of such older people shows patterns of health that are as surprising as they are mysterious; for example, rate at which people die rises steadily from middle age up through the 80's; but then, death rates decline; after age 110, death rate drops back to that for people in their 80's; photo shows six generations of one family, ranging from Sara Knauss, 118, to her great-great-great-grandson Bradley Patton, 3 (M)",https://www.nytimes.com/1999/06/01/health/life-at-age-100-is-surprisingly-healthy.html,"Statisticians and scientists are increasingly studying centenarians, with their numbers steadily rising; many of such older people shows patterns of health that are as surprising as they are mysterious; for example, rate at which people die rises ...","Until recently, very few people lived to be more than 100. But with the number of centenarians rocketing upward, statisticians and scientists have begun studying them -- and challenging some of the conventional wisdom about the very old.",F,7,The New York Times,[],"[{'name': 'persons', 'value': 'KNAUSS, SARA', 'rank': 1, 'major': 'N'}, {'name': 'subject', 'value': 'Longevity', 'rank': 2, 'major': 'N'}, {'name': 'subject', 'value': 'Research', 'rank': 3, 'major': 'N'}]",1999-06-01T05:00:00+0000,article,Health & Fitness,Health,News,nyt://article/50b7c447-5f63-57f9-ae77-b22ebbab8cc3,1471,nyt://article/50b7c447-5f63-57f9-ae77-b22ebbab8cc3,Life at Age 100 Is Surprisingly Healthy,,,Life at Age 100 Is Surprisingly Healthy,,,,By Philip J. Hilts,"[{'firstname': 'Philip', 'middlename': 'J.', 'lastname': 'Hilts', 'qualifier': None, 'title': None, 'role': 'reported', 'organization': '', 'rank': 1}]",,dementia,
"Jerry Quarry, heavyweight contender of late 1960's and early 1970's who faced sport's greatest names of his era and then spent his final years debilitated by boxing-induced brain damage, dies at age 53; photo (M)",https://www.nytimes.com/1999/01/05/sports/jerry-quarry-53-boxer-battered-by-years-in-the-ring-dies.html,"Jerry Quarry, heavyweight contender of late 1960's and early 1970's who faced sport's greatest names of his era and then spent his final years debilitated by boxing-induced brain damage, dies at age 53; photo (M)","Jerry Quarry, a heavyweight contender of the late 1960's and early 1970's who faced the sport's greatest names of his era and then spent his final years debilitated by boxing-induced brain damage, died Sunday at Twin Cities Community Hospital in Templeton, Calif. He was 53.",A,15,The New York Times,[],"[{'name': 'persons', 'value': 'Quarry, Jerry', 'rank': 1, 'major': 'N'}, {'name': 'subject', 'value': 'Boxing', 'rank': 2, 'major': 'N'}, {'name': 'subject', 'value': 'Biographical Information', 'rank': 3, 'major': 'N'}, {'name': 'subject', 'value': 'Deaths (Obituaries)', 'rank': 4, 'major': 'N'}]",1999-01-05T05:00:00+0000,article,Sports Desk,Sports,Obituary; Biography,nyt://article/27dee6f0-bd54-51b1-ba79-9772147f7a0d,688,nyt://article/27dee6f0-bd54-51b1-ba79-9772147f7a0d,"Jerry Quarry, 53, Boxer Battered by Years in the Ring, Dies",,,"Jerry Quarry, 53, Boxer Battered by Years in the Ring, Dies",,,,By Richard Goldstein,"[{'firstname': 'Richard', 'middlename': None, 'lastname': 'Goldstein', 'qualifier': None, 'title': None, 'role': 'reported', 'organization': '', 'rank': 1}]",,dementia,
"Health experts have long known that family members, particularly women, shoulder heavy burden in caring for dying; new study suggests burden is greatest when death is due to chronic illnesses, like heart and lung disease, perhaps because society has paid disproportionate attention to people who die of cancer; Dr Ezekiel J Emanuel, chairman of Clinical Bioethics Dept at National Institutes of Health, is study's lead author (M)",https://www.nytimes.com/1999/09/23/us/study-finds-shortcomings-in-care-for-chronically-ill.html,"Health experts have long known that family members, particularly women, shoulder heavy burden in caring for dying; new study suggests burden is greatest when death is due to chronic illnesses, like heart and lung disease, perhaps because society h...","Health experts have long known that family members, particularly women, shoulder a heavy burden in caring for the dying. But a new study suggests the burden is greatest when the death is due to chronic illnesses like heart and lung disease, perhaps because society has paid disproportionate attention to people who die of cancer.",A,23,The New York Times,[],"[{'name': 'organizations', 'value': 'National Institutes of Health', 'rank': 1, 'major': 'N'}, {'name': 'persons', 'value': 'Emanuel, Ezekiel J', 'rank': 2, 'major': 'N'}, {'name': 'subject', 'value': 'Heart', 'rank': 3, 'major': 'N'}, {'name': 'subject', 'value': 'Death and Dying', 'rank': 4, 'major': 'N'}, {'name': 'subject', 'value': 'Cancer', 'rank': 5, 'major': 'N'}, {'name': 'subject', 'value': 'Women', 'rank': 6, 'major': 'N'}, {'name': 'subject', 'value': 'Lungs', 'rank': 7, 'major': 'N'}, {'name': 'subject', 'value': 'Families and Family Life', 'rank': 8, 'major': 'N'}]",1999-09-23T05:00:00+0000,article,National Desk,U.S.,News,nyt://article/93a7550b-8802-554c-8cc5-4bb1844c9255,759,nyt://article/93a7550b-8802-554c-8cc5-4bb1844c9255,Study Finds Shortcomings In Care for Chronically Ill,,,Study Finds Shortcomings In Care for Chronically Ill,,,,By Sheryl Gay Stolberg,"[{'firstname': 'Sheryl', 'middlename': 'Gay', 'lastname': 'Stolberg', 'qualifier': None, 'title': None, 'role': 'reported', 'organization': '', 'rank': 1}]",,dementia,
"J J Paulsen, television producer, lives for over year with little furniture in lower Manhattan apartment he considers temporary; photos (Habitats column) (M)",https://www.nytimes.com/1999/08/08/realestate/habitats-21-west-street-lower-manhattan-temporary-apartment-with-furniture-match.html,"J J Paulsen, television producer, lives for over year with little furniture in lower Manhattan apartment he considers temporary; photos (Habitats column) (M)","EVERYWHERE, there is evidence of a life being lived. A futon has been crammed into the home office, used for a while by a pilot friend who was getting divorced. Under the desk sits a case of diet soda, and by the door are some bottles of whisky, left over from a Super Bowl party. Stacks of books delineate a twisting pathway to the desk chair.",11,6,The New York Times,[],"[{'name': 'glocations', 'value': 'New York City', 'rank': 1, 'major': 'N'}, {'name': 'persons', 'value': 'Paulsen, J J', 'rank': 2, 'major': 'N'}, {'name': 'subject', 'value': 'Housing', 'rank': 3, 'major': 'N'}, {'name': 'subject', 'value': 'Biographical Information', 'rank': 4, 'major': 'N'}]",1999-08-08T05:00:00+0000,article,Real Estate Desk,Real Estate,News,nyt://article/14cf91db-5ad3-5808-98ef-80b97adb26a5,802,nyt://article/14cf91db-5ad3-5808-98ef-80b97adb26a5,"Habitats/21 West Street in Lower Manhattan; A Temporary Apartment, With Furniture to Match",,,"Habitats/21 West Street in Lower Manhattan; A Temporary Apartment, With Furniture to Match",,,,By Trish Hall,"[{'firstname': 'Trish', 'middlename': None, 'lastname': 'Hall', 'qualifier': None, 'title': None, 'role': 'reported', 'organization': '', 'rank': 1}]",,dementia,
"Dr Henry M Wisniewski, Alzheimer's disease researcher and director of New York State Institute for Basic Research in Developmental Disabilities, dies at age 68 (M)",https://www.nytimes.com/1999/09/20/us/henry-m-wisniewski-68-a-leader-in-alzheimer-s-research.html,"Dr Henry M Wisniewski, Alzheimer's disease researcher and director of New York State Institute for Basic Research in Developmental Disabilities, dies at age 68 (M)","Dr. Henry M. Wisniewski, an Alzheimer's disease researcher and the director of the New York State Institute for Basic Research in Developmental Disabilities, died on Sept. 5 at his home on Staten Island. He was 68.",A,15,The New York Times,[],"[{'name': 'persons', 'value': 'Wisniewski, Henry M', 'rank': 1, 'major': 'N'}, {'name': 'subject', 'value': 'Biographical Information', 'rank': 2, 'major': 'N'}, {'name': 'subject', 'value': 'Deaths (Obituaries)', 'rank': 3, 'major': 'N'}]",1999-09-20T05:00:00+0000,article,National Desk,U.S.,Obituary; Biography,nyt://article/83b00762-366e-5260-9f0a-2ba518ed1d80,341,nyt://article/83b00762-366e-5260-9f0a-2ba518ed1d80,"Henry M. Wisniewski, 68, a Leader in Alzheimer's Research",,,"Henry M. Wisniewski, 68, a Leader in Alzheimer's Research",,,,By Nick Ravo,"[{'firstname': 'Nick', 'middlename': None, 'lastname': 'Ravo', 'qualifier': None, 'title': None, 'role': 'reported', 'organization': '', 'rank': 1}]",,dementia,
"New study finds that teaching healthy elderly people to play music decreases their anxiety, depression and loneliness (S)",https://www.nytimes.com/1999/06/15/health/vital-signs-therapies-a-fountain-of-youth-in-music-class.html,"New study finds that teaching healthy elderly people to play music decreases their anxiety, depression and loneliness (S)","A new study has found that teaching healthy elderly people to play music decreases their anxiety, depression and loneliness.",F,8,The New York Times,[],"[{'name': 'subject', 'value': 'Music', 'rank': 1, 'major': 'N'}, {'name': 'subject', 'value': 'AGED', 'rank': 2, 'major': 'N'}, {'name': 'subject', 'value': 'Mental Health and Disorders', 'rank': 3, 'major': 'N'}]",1999-06-15T05:00:00+0000,article,Health & Fitness,Health,News,nyt://article/6452a1af-1544-582e-9ae0-ac7da615aa46,367,nyt://article/6452a1af-1544-582e-9ae0-ac7da615aa46,"A Fountain of Youth, in Music Class",VITAL SIGNS: THERAPIES,,"VITAL SIGNS: THERAPIES; A Fountain of Youth, in Music Class",,,,By Alisha Berger,"[{'firstname': 'Alisha', 'middlename': None, 'lastname': 'Berger', 'qualifier': None, 'title': None, 'role': 'reported', 'organization': '', 'rank': 1}]",,dementia,
Leslie Chess Feller reviews book A Good Enough Daughter: A Memoir by Alix Kates Shulman (S),https://www.nytimes.com/1999/05/16/books/books-in-brief-nonfiction-583570.html,Leslie Chess Feller reviews book A Good Enough Daughter: A Memoir by Alix Kates Shulman (S),A GOOD ENOUGH DAUGHTER,7,28,The New York Times,[],"[{'name': 'persons', 'value': 'Shulman, Alix Kates', 'rank': 1, 'major': 'N'}, {'name': 'subject', 'value': 'Reviews', 'rank': 2, 'major': 'N'}, {'name': 'subject', 'value': 'Books and Literature', 'rank': 3, 'major': 'N'}, {'name': 'creative_works', 'value': 'GOOD ENOUGH DAUGHTER, A: A MEMOIR (BOOK)', 'rank': 4, 'major': 'N'}]",1999-05-16T05:00:00+0000,article,Book Review Desk,Books,Review,nyt://article/7da544e1-44c4-5726-9cca-c9cdee9a51cd,328,nyt://article/7da544e1-44c4-5726-9cca-c9cdee9a51cd,Books in Brief: Nonfiction,,,Books in Brief: Nonfiction,,,,By Leslie Chess Feller,"[{'firstname': 'Leslie', 'middlename': 'Chess', 'lastname': 'Feller', 'qualifier': None, 'title': None, 'role': 'reported', 'organization': '', 'rank': 1}]",,dementia,
"Doris R Schwartz, a nurse who did some of earliest research on geriatric nursing care and whose findings led to improvements in health care for the elderly, dies at age 84 (M)",https://www.nytimes.com/1999/08/28/us/doris-r-schwartz-84-a-nurse-who-advanced-geriatric-care.html,"Doris R Schwartz, a nurse who did some of earliest research on geriatric nursing care and whose findings led to improvements in health care for the elderly, dies at age 84 (M)","Doris R. Schwartz, a nurse who did some of the earliest research on geriatric nursing care and whose findings led to improvements in health care for the elderly, died on Sunday at her home in Gwynedd, Pa.",A,11,The New York Times,[],"[{'name': 'persons', 'value': 'Schwartz, Doris R', 'rank': 1, 'major': 'N'}, {'name': 'subject', 'value': 'Biographical Information', 'rank': 2, 'major': 'N'}, {'name': 'subject', 'value': 'Deaths (Obituaries)', 'rank': 3, 'major': 'N'}]",1999-08-28T05:00:00+0000,article,National Desk,U.S.,Obituary; Biography,nyt://article/5e1f06d2-cf57-5d9d-9ed3-24d7d9e8f925,384,nyt://article/5e1f06d2-cf57-5d9d-9ed3-24d7d9e8f925,"Doris R. Schwartz, 84, a Nurse Who Advanced Geriatric Care",,,"Doris R. Schwartz, 84, a Nurse Who Advanced Geriatric Care",,,,By Wolfgang Saxon,"[{'firstname': 'Wolfgang', 'middlename': None, 'lastname': 'Saxon', 'qualifier': None, 'title': None, 'role': 'reported', 'organization': '', 'rank': 1}]",,dementia,
"Home Video column on release of Dwain Esper's 1930's exploitation films, which thrived on presenting taboo topics like drugs and sex, when rest of Hollywood had to abide by Production Code; photo of scene from Louis Gasnier's 1936 cautionary film Reefer Madness (S)",https://www.nytimes.com/1999/06/18/movies/home-video-warning-films-sex-and-drugs.html,"Home Video column on release of Dwain Esper's 1930's exploitation films, which thrived on presenting taboo topics like drugs and sex, when rest of Hollywood had to abide by Production Code; photo of scene from Louis Gasnier's 1936 cautionary film ...","''Will tend to corrupt morals, will tend to incite to crime,'' said the New York Censors Board of Dwain Esper's exploitation films ''Maniac'' and ''Narcotic,'' which together with a new edition of Louis Gasnier's ''Reefer Madness'' have been released in a series from Kino International.",E,25,The New York Times,[],"[{'name': 'persons', 'value': 'Gasnier, Louis', 'rank': 1, 'major': 'N'}, {'name': 'persons', 'value': 'Esper, Dwain', 'rank': 2, 'major': 'N'}, {'name': 'subject', 'value': 'Recordings (Video)', 'rank': 3, 'major': 'N'}, {'name': 'subject', 'value': 'Sex', 'rank': 4, 'major': 'N'}, {'name': 'subject', 'value': 'VIOLENCE', 'rank': 5, 'major': 'N'}, {'name': 'subject', 'value': 'MOTION PICTURES', 'rank': 6, 'major': 'N'}, {'name': 'subject', 'value': 'Ratings and Rating Systems', 'rank': 7, 'major': 'N'}, {'name': 'subject', 'value': 'Drug Abuse and Traffic', 'rank': 8, 'major': 'N'}, {'name': 'creative_works', 'value': 'REEFER MADNESS (MOVIE)', 'rank': 9, 'major': 'N'}]",1999-06-18T05:00:00+0000,article,"Movies, Performing Arts/Weekend Desk",Movies,News,nyt://article/6eb7c3a9-7335-53af-b77e-b2df0ab37ed5,503,nyt://article/6eb7c3a9-7335-53af-b77e-b2df0ab37ed5,'Warning' Films: Sex and Drugs,HOME VIDEO,,HOME VIDEO; 'Warning' Films: Sex and Drugs,,,,By Peter M. Nichols,"[{'firstname': 'Peter', 'middlename': None, 'lastname': None, 'qualifier': None, 'title': None, 'role': 'reported', 'organization': '', 'rank': 1}]",,dementia,
"Editorial praises decision by Fairport Baptist Homes and other mostly church-sponsored nursing homes to shape daily life around needs and preferences of aging residents, rather than that of institutions (M)",https://www.nytimes.com/1999/10/11/opinion/a-better-way-to-treat-the-old.html,"Editorial praises decision by Fairport Baptist Homes and other mostly church-sponsored nursing homes to shape daily life around needs and preferences of aging residents, rather than that of institutions (M)","At a Roman Catholic nursing home in Albany a year ago, the order of Carmelite nuns that runs it broke from tradition by asking the aged applicants who were about to become residents: ''What time do you like to get up in the morning? When do you like to have breakfast? What do you like to eat?'' The Teresian Home had decided to end the tyranny of structure and schedule that herds old people through the day in nursing homes across the country: up at 6:30 A.M., dressed for breakfast at 7:30 to 9, lunch at noon in a dining room with scores of others, showers at a certain time, naps at a certain time, dinner at 5 to 5:30 P.M. and back in bed by 8, two to a room, on long hallways.",A,18,The New York Times,[],"[{'name': 'organizations', 'value': 'Fairport Baptist Homes', 'rank': 1, 'major': 'N'}, {'name': 'subject', 'value': 'Editorials', 'rank': 2, 'major': 'N'}, {'name': 'subject', 'value': 'Nursing Homes', 'rank': 3, 'major': 'N'}]",1999-10-11T05:00:00+0000,article,Editorial Desk,Opinion,Editorial,nyt://article/442fb2e8-e270-5cd8-9d7c-95fd36d4b4ee,537,nyt://article/442fb2e8-e270-5cd8-9d7c-95fd36d4b4ee,A Better Way to Treat the Old,,,A Better Way to Treat the Old,,,,,[],,dementia,
Alan Ryan reviews book Nietzsche and Wagner: A Lesson in Subjugation by Joachim Kohler; drawing (M),https://www.nytimes.com/1999/01/24/books/the-will-to-madness.html,Alan Ryan reviews book Nietzsche and Wagner: A Lesson in Subjugation by Joachim Kohler; drawing (M),Nietzsche and Wagner,7,9,The New York Times,[],"[{'name': 'persons', 'value': 'Wagner, Richard', 'rank': 1, 'major': 'N'}, {'name': 'persons', 'value': 'Nietzsche, Friedrich', 'rank': 2, 'major': 'N'}, {'name': 'persons', 'value': 'Kohler, Joachim', 'rank': 3, 'major': 'N'}, {'name': 'subject', 'value': 'Reviews', 'rank': 4, 'major': 'N'}, {'name': 'subject', 'value': 'Books and Literature', 'rank': 5, 'major': 'N'}, {'name': 'creative_works', 'value': 'NIETZSCHE AND WAGNER: A LESSON IN SUBJUGATION (BOOK)', 'rank': 6, 'major': 'N'}]",1999-01-24T05:00:00+0000,article,Book Review Desk,Books,Review,nyt://article/14ce0e46-f91d-5aba-b75b-0fd2d594bbdb,1337,nyt://article/14ce0e46-f91d-5aba-b75b-0fd2d594bbdb,The Will to Madness,,,The Will to Madness,,,,By Alan Ryan,"[{'firstname': 'Alan', 'middlename': None, 'lastname': 'Ryan', 'qualifier': None, 'title': None, 'role': 'reported', 'organization': '', 'rank': 1}]",,dementia,
"Interview with Vivian Regina Pronin, who succeeded in persuading New York Health Department to change Medicaid regulations governing confiscation of Holocaust survivor reparations; photo (M)",https://www.nytimes.com/1999/02/21/nyregion/q-a-vivian-regina-pronin-fighting-the-law-over-holocaust-benefits.html,"Interview with Vivian Regina Pronin, who succeeded in persuading New York Health Department to change Medicaid regulations governing confiscation of Holocaust survivor reparations; photo (M)","WHEN Vivian Regina Pronin learned that her mother's Holocaust survivor reparations were, in essence, being confiscated by Medicaid when her father, also a Holocaust survivor, entered a nursing home, she set out to right what she believed to be an incomprehensible wrong. She called and wrote to lawmakers at state and Federal levels and to Jewish organizations. People sympathized with her, but no one offered to help.",WC,14,The New York Times,[],"[{'name': 'persons', 'value': 'Pronin, Vivian Regina', 'rank': 1, 'major': 'N'}, {'name': 'subject', 'value': 'Medicaid', 'rank': 2, 'major': 'N'}, {'name': 'subject', 'value': 'NAZI POLICIES TOWARD JEWS AND OTHER MINORITIES', 'rank': 3, 'major': 'N'}, {'name': 'subject', 'value': 'Medicine and Health', 'rank': 4, 'major': 'N'}]",1999-02-21T05:00:00+0000,article,Westchester Weekly Desk,New York,Interview,nyt://article/cb342d9c-9fbc-5187-85f3-9a55fc35a623,1427,nyt://article/cb342d9c-9fbc-5187-85f3-9a55fc35a623,Q&A:/Vivian Regina Pronin; Fighting the Law Over Holocaust Benefits,,,Q&A:/Vivian Regina Pronin; Fighting the Law Over Holocaust Benefits,,,,By Donna Greene,"[{'firstname': 'Donna', 'middlename': None, 'lastname': 'Greene', 'qualifier': None, 'title': None, 'role': 'reported', 'organization': '', 'rank': 1}]",,dementia,
Immigration and Naturalization Service agrees to reconsider citizenship applications of about 200 immigrants in New York City area who say their physical or mental disabilities prevent them from learning English and civics; agreement is part of settlement of class action lawsuit that was filed on behalf of disabled immigrants on April 16 by New York Legal Assistance Group and Hudson Valley Poverty Law Center (M),https://www.nytimes.com/1999/07/15/nyregion/us-agency-settles-a-suit-on-disabled-immigrants.html,Immigration and Naturalization Service agrees to reconsider citizenship applications of about 200 immigrants in New York City area who say their physical or mental disabilities prevent them from learning English and civics; agreement is part of se...,The Immigration and Naturalization Service has agreed to reconsider the citizenship applications of about 200 immigrants in the New York City area who said their physical or mental disabilities prevented them from learning English and civics.,B,6,The New York Times,[],"[{'name': 'glocations', 'value': 'New York City', 'rank': 1, 'major': 'N'}, {'name': 'glocations', 'value': 'NEW YORK CITY METROPOLITAN AREA', 'rank': 2, 'major': 'N'}, {'name': 'organizations', 'value': 'Hudson Valley Poverty Law Center', 'rank': 3, 'major': 'N'}, {'name': 'organizations', 'value': 'IMMIGRATION AND NATURALIZATION SERVICE', 'rank': 4, 'major': 'N'}, {'name': 'organizations', 'value': 'New York Legal Assistance Group', 'rank': 5, 'major': 'N'}, {'name': 'subject', 'value': 'Citizenship', 'rank': 6, 'major': 'N'}, {'name': 'subject', 'value': 'Mental Retardation', 'rank': 7, 'major': 'N'}, {'name': 'subject', 'value': 'IMMIGRATION AND REFUGEES', 'rank': 8, 'major': 'N'}, {'name': 'subject', 'value': 'CLASS-ACTION SUITS', 'rank': 9, 'major': 'N'}, {'name': 'subject', 'value': 'SUITS AND CLAIMS AGAINST GOVERNMENT', 'rank': 10, 'major': 'N'}, {'name': 'subject', 'value': 'Reading and Writing Skills', 'rank': 11, 'major': 'N'}, {'name': 'subject', 'value': 'English Language', 'rank': 12, 'major': 'N'}, {'name': 'subject', 'value': 'Handicapped', 'rank': 13, 'major': 'N'}]",1999-07-15T05:00:00+0000,article,Metropolitan Desk,New York,News,nyt://article/b9775c9e-6a7a-5ebe-87a3-f0cf8a664ffb,554,nyt://article/b9775c9e-6a7a-5ebe-87a3-f0cf8a664ffb,U.S. Agency Settles a Suit On Disabled Immigrants,,,U.S. Agency Settles a Suit On Disabled Immigrants,,,,By Susan Sachs,"[{'firstname': 'Susan', 'middlename': None, 'lastname': 'Sachs', 'qualifier': None, 'title': None, 'role': 'reported', 'organization': '', 'rank': 1}]",,dementia,
"Erica Goode article says increased understanding of interplay of chemicals, genes and enviropnmental influences will bring exponential leaps in the ability to manipulate the brain and to influence thinking, feeling, memory and behavior in the next century, perhaps as early as in the next three decades; photo (M)",https://www.nytimes.com/2000/01/01/news/visions-identity-rx-for-brain-makeovers.html,"Erica Goode article says increased understanding of interplay of chemicals, genes and enviropnmental influences will bring exponential leaps in the ability to manipulate the brain and to influence thinking, feeling, memory and behavior in the next...",THE Scarecrow in ''The Wizard of Oz'' wanted only a brain -- he did not much care what kind.,E,27,The New York Times,[],"[{'name': 'subject', 'value': 'Brain', 'rank': 1, 'major': 'N'}, {'name': 'subject', 'value': 'Research', 'rank': 2, 'major': 'N'}]",2000-01-01T05:00:00+0000,article,The Millennium,Archives,News,nyt://article/d3d27a3e-ab23-550a-9b54-3e421fa9f8bc,728,nyt://article/d3d27a3e-ab23-550a-9b54-3e421fa9f8bc,Rx for Brain Makeovers,VISIONS: IDENTITY,,VISIONS: IDENTITY; Rx for Brain Makeovers,,,,By Erica Goode,"[{'firstname': 'Erica', 'middlename': None, 'lastname': 'Goode', 'qualifier': None, 'title': None, 'role': 'reported', 'organization': '', 'rank': 1}]",,dementia,
"Helen Best, 96, and two other disabled New Yorkers who filed class-action suit have won temporary restraining order barring city and state from discontinuing 24-hour home health care under Medicaid and forcing them into nursing homes; suit challenges rarely invoked law that requires Medicaid patients getting 24-hour care to prove that they have activities or responsibilities that cannot be met in nursing home; invokes exception in law for people for whom nursing home placement is medically unsound; holds forcing disabled into nursing homes violates Federal law protecting handicapped (M)",https://www.nytimes.com/1999/02/17/nyregion/ruling-in-favor-of-patients-denied-24-hour-home-care.html,"Helen Best, 96, and two other disabled New Yorkers who filed class-action suit have won temporary restraining order barring city and state from discontinuing 24-hour home health care under Medicaid and forcing them into nursing homes; suit challen...","On the surface, there are few more obvious candidates for a nursing home than Helen Best. Mrs. Best, 96, suffers from congestive heart failure, hypertension and dementia. She wears a diaper, has a pacemaker and is legally blind. In fact, under a rarely invoked state law governing Medicaid, she has been told that she must enter a nursing home rather than receive 24-hour care in her Brooklyn home.",B,4,The New York Times,[],"[{'name': 'glocations', 'value': 'New York State', 'rank': 1, 'major': 'N'}, {'name': 'glocations', 'value': 'New York City', 'rank': 2, 'major': 'N'}, {'name': 'persons', 'value': 'Best, Helen', 'rank': 3, 'major': 'N'}, {'name': 'subject', 'value': 'Home Health Care', 'rank': 4, 'major': 'N'}, {'name': 'subject', 'value': 'Medicaid', 'rank': 5, 'major': 'N'}, {'name': 'subject', 'value': 'Biographical Information', 'rank': 6, 'major': 'N'}, {'name': 'subject', 'value': 'CLASS-ACTION SUITS', 'rank': 7, 'major': 'N'}, {'name': 'subject', 'value': 'SUITS AND CLAIMS AGAINST GOVERNMENT', 'rank': 8, 'major': 'N'}, {'name': 'subject', 'value': 'Nursing Homes', 'rank': 9, 'major': 'N'}, {'name': 'subject', 'value': 'Handicapped', 'rank': 10, 'major': 'N'}]",1999-02-17T05:00:00+0000,article,Metropolitan Desk,New York,News,nyt://article/42229e66-4119-5c26-a5c6-b5ee01e24fd9,567,nyt://article/42229e66-4119-5c26-a5c6-b5ee01e24fd9,Ruling in Favor of Patients Denied 24-Hour Home Care,,,Ruling in Favor of Patients Denied 24-Hour Home Care,,,,By Jennifer Steinhauer,"[{'firstname': 'Jennifer', 'middlename': None, 'lastname': 'Steinhauer', 'qualifier': None, 'title': None, 'role': 'reported', 'organization': '', 'rank': 1}]",,dementia,
"Federal health officials at Centers for Disease Control and Prevention, with nation's syphilis rate at lowest level since Government began keeping statistics in 1941, say that they believe they could eliminate disease from United States in next five years; say just 6,993 cases of syphilis were recorded last year, down from 8,556 in 1997 and and 50,578 in 1990, when disease last reached its peak (M)",https://www.nytimes.com/1999/10/08/us/us-says-stars-are-aligned-to-vanquish-an-old-foe-syphilis.html,"Federal health officials at Centers for Disease Control and Prevention, with nation's syphilis rate at lowest level since Government began keeping statistics in 1941, say that they believe they could eliminate disease from United States in next fi...","With the nation's syphilis rate at the lowest level since the Government began keeping statistics in 1941, Federal health officials said today that they believed they could eliminate the disease from the United States in the next five years.",A,14,The New York Times,[],"[{'name': 'organizations', 'value': 'Centers for Disease Control and Prevention', 'rank': 1, 'major': 'N'}, {'name': 'subject', 'value': 'VENEREAL DISEASES', 'rank': 2, 'major': 'N'}, {'name': 'subject', 'value': 'Syphilis', 'rank': 3, 'major': 'N'}]",1999-10-08T05:00:00+0000,article,National Desk,U.S.,News,nyt://article/2992deb1-7e3d-50c9-837a-650f699a4af1,645,nyt://article/2992deb1-7e3d-50c9-837a-650f699a4af1,U.S. Says 'Stars Are Aligned' to Vanquish an Old Foe: Syphilis,,,U.S. Says 'Stars Are Aligned' to Vanquish an Old Foe: Syphilis,,,,By Sheryl Gay Stolberg,"[{'firstname': 'Sheryl', 'middlename': 'Gay', 'lastname': 'Stolberg', 'qualifier': None, 'title': None, 'role': 'reported', 'organization': '', 'rank': 1}]",,dementia,
"Deborah Newquist is geriatric care manager in Newport Beach, Calif, occupation that did not exist when she received her master's degree in social work 24 years ago; field was born in response to nation's rapidly aging population and health care system's complexity; geriatric care managers, at $70 to $150 hour, generally do not offer hands-on care; part counselors and part social workers, they help manage health care, living arrangements and other affairs of their elderly clients; in doing so, they perform role once filled by families; photo (M)",https://www.nytimes.com/1999/03/04/us/the-growing-business-of-helping-elders-cope.html,"Deborah Newquist is geriatric care manager in Newport Beach, Calif, occupation that did not exist when she received her master's degree in social work 24 years ago; field was born in response to nation's rapidly aging population and health care sy...","When an 86-year-old woman with Alzheimer's disease broke her hip, Deborah Newquist was the person who stayed with her at the hospital here. Years earlier, Dr. Newquist had arranged 24-hour home care for the woman and her bedridden husband, and she also took care of everything from having their house painted to getting their cat to the veterinarian.",A,1,The New York Times,[],"[{'name': 'glocations', 'value': 'Newport Beach (Calif)', 'rank': 1, 'major': 'N'}, {'name': 'persons', 'value': 'Newquist, Deborah', 'rank': 2, 'major': 'N'}, {'name': 'subject', 'value': 'Biographical Information', 'rank': 3, 'major': 'N'}, {'name': 'subject', 'value': 'AGED', 'rank': 4, 'major': 'N'}, {'name': 'subject', 'value': 'Medicine and Health', 'rank': 5, 'major': 'N'}]",1999-03-04T05:00:00+0000,article,National Desk,U.S.,News,nyt://article/6fea7154-4408-5e0f-8016-49e99b2de8ed,1663,nyt://article/6fea7154-4408-5e0f-8016-49e99b2de8ed,The Growing Business of Helping Elders Cope,,,The Growing Business of Helping Elders Cope,,,,By Sara Rimer,"[{'firstname': 'Sara', 'middlename': None, 'lastname': 'Rimer', 'qualifier': None, 'title': None, 'role': 'reported', 'organization': '', 'rank': 1}]",,dementia,
"Aging of population spurs emerging industry offering herbal and dietary supplements, books, courses and even clinics to help people having trouble remembering and concentrating; sales of products containing ginkgo bilboa are growing, even though herbal compound's ability to stimulate memory is unproved; substance is only one of many supplements said to re-energize aging minds; photo (M)",https://www.nytimes.com/1999/04/04/business/industry-s-next-growth-sector-memory-lapses.html,"Aging of population spurs emerging industry offering herbal and dietary supplements, books, courses and even clinics to help people having trouble remembering and concentrating; sales of products containing ginkgo bilboa are growing, even though h...","The graying of America has created an emerging industry: a wave of herbal and dietary supplements, books, courses and even clinics aimed at healthy people who are having trouble remembering and concentrating.",1,1,The New York Times,[],"[{'name': 'subject', 'value': 'Memory', 'rank': 1, 'major': 'N'}, {'name': 'subject', 'value': 'Dietary Supplements and Herbal Remedies', 'rank': 2, 'major': 'N'}, {'name': 'subject', 'value': 'AGED', 'rank': 3, 'major': 'N'}, {'name': 'subject', 'value': 'GINKGO BILBOA (HERB)', 'rank': 4, 'major': 'N'}]",1999-04-04T05:00:00+0000,article,Business/Financial Desk,Business Day,News,nyt://article/35ef3394-a56b-5a8e-ab5a-7fd8e884b8b7,1831,nyt://article/35ef3394-a56b-5a8e-ab5a-7fd8e884b8b7,Industry's Next Growth Sector: Memory Lapses,,,Industry's Next Growth Sector: Memory Lapses,,,,By Barry Meier,"[{'firstname': 'Barry', 'middlename': None, 'lastname': 'Meier', 'qualifier': None, 'title': None, 'role': 'reported', 'organization': '', 'rank': 1}]",,dementia,
"After the millennium party comes, for many, the millennium hangover. But for those suffering from throbbing temples and queasy stomachs on Jan. 1, it may come as some consolation to know that not all booze is bad news. According to a growing body of medi",https://www.nytimes.com/1999/12/27/style/IHT-not-all-booze-is-bad-depending-on-the-dose-a-bit-of-consolation.html,"After the millennium party comes, for many, the millennium hangover. But for those suffering from throbbing temples and queasy stomachs on Jan. 1, it may come as some consolation to know that not all booze is bad news. According to a growing body ...","After the millennium party comes, for many, the millennium hangover. But for those suffering from throbbing temples and queasy stomachs on Jan. 1, it may come as some consolation to know that not all booze is bad news. According to a growing body of medical opinion, moderate consumption of alcohol has many medical benefits, including slowing the aging process.",,,International Herald Tribune,[],[],1999-12-27T05:00:00+0000,article,IHT News,Style,,nyt://article/c7e99b8f-9723-532f-a727-58d3a64cf519,5798,nyt://article/c7e99b8f-9723-532f-a727-58d3a64cf519,"Not All Booze Is Bad, Depending on the Dose : A Bit of Consolation After the Partying",,,"Not All Booze Is Bad, Depending on the Dose : A Bit of Consolation After the Partying",,,,"By Barry James, International Herald Tribune","[{'firstname': 'Barry', 'middlename': None, 'lastname': 'James', 'qualifier': None, 'title': None, 'role': 'reported', 'organization': '', 'rank': 1}, {'firstname': 'International', 'middlename': 'Herald', 'lastname': 'Tribune', 'qualifier': None, 'title': None, 'role': 'reported', 'organization': '', 'rank': 2}]",,dementia,
"Marian Burros Eating Well column on trend to fortify packaged foods with herbs, vitamins and supplements; says health claims for some of these so-called functional foods are questionable, while others are backed by scientific studies; photos (M)",https://www.nytimes.com/1999/11/03/dining/eating-well-eating-your-way-to-wisdom-and-harmony.html,"Marian Burros Eating Well column on trend to fortify packaged foods with herbs, vitamins and supplements; says health claims for some of these so-called functional foods are questionable, while others are backed by scientific studies; photos (M)","ET tu, Ben and Jerry?",F,10,The New York Times,[],"[{'name': 'subject', 'value': 'Diet and Nutrition', 'rank': 1, 'major': 'N'}, {'name': 'subject', 'value': 'Dietary Supplements and Herbal Remedies', 'rank': 2, 'major': 'N'}, {'name': 'subject', 'value': 'Vitamins', 'rank': 3, 'major': 'N'}, {'name': 'subject', 'value': 'Food', 'rank': 4, 'major': 'N'}]",1999-11-03T05:00:00+0000,article,"Dining In, Dining Out/Style Desk",Food,News,nyt://article/510ae061-fa06-50ef-9da2-53739d5f70a5,919,nyt://article/510ae061-fa06-50ef-9da2-53739d5f70a5,Eating Your Way to Wisdom and Harmony,EATING WELL,,EATING WELL; Eating Your Way to Wisdom and Harmony,,,,By Marian Burros,"[{'firstname': 'Marian', 'middlename': None, 'lastname': 'Burros', 'qualifier': None, 'title': None, 'role': 'reported', 'organization': '', 'rank': 1}]",,dementia,
"Imagine a museum where unforgettable masterpieces of art from all over Asia are gazed at by visitors exceeding in numbers the traditional art circles, where scholarly publications leave behind those of comparable Western institutions but go hand in hand",https://www.nytimes.com/1999/10/09/style/IHT-founding-a-capital-of-asian-art-in-west.html,"Imagine a museum where unforgettable masterpieces of art from all over Asia are gazed at by visitors exceeding in numbers the traditional art circles, where scholarly publications leave behind those of comparable Western institutions but go hand i...","Imagine a museum where unforgettable masterpieces of art from all over Asia are gazed at by visitors exceeding in numbers the traditional art circles, where scholarly publications leave behind those of comparable Western institutions but go hand in hand with some of the best children's programs, and where no charge is requested for the cultural activities timed with art exhibitions, from concerts to movies.",,,International Herald Tribune,[],[],1999-10-09T05:00:00+0000,article,IHT News,Style,,nyt://article/6a8191d4-0aa1-59b6-b3e3-be0e3b08d22b,6290,nyt://article/6a8191d4-0aa1-59b6-b3e3-be0e3b08d22b,Founding a Capital Of Asian Art in West,,,Founding a Capital Of Asian Art in West,,,,"By Souren Melikian, International Herald Tribune","[{'firstname': 'Souren', 'middlename': None, 'lastname': 'Melikian', 'qualifier': None, 'title': None, 'role': 'reported', 'organization': '', 'rank': 1}, {'firstname': 'International', 'middlename': 'Herald', 'lastname': 'Tribune', 'qualifier': None, 'title': None, 'role': 'reported', 'organization': '', 'rank': 2}]",,dementia,
"Elan Pharmaceuticals researchers have developed vaccine that has proved highly effective in both preventing and reversing in mice one of primary brain abnormalities associated with Alzheimer's disease, deposits of amyloid plaques; study, reported in journal Nature, is being hailed as landmark achievement; Elan and Alzheimer's Association set up toll-free numbers to handle expected flood of calls (M)",https://www.nytimes.com/1999/07/08/us/vaccine-in-mice-offers-hope-in-fight-against-alzheimer-s.html,"Elan Pharmaceuticals researchers have developed vaccine that has proved highly effective in both preventing and reversing in mice one of primary brain abnormalities associated with Alzheimer's disease, deposits of amyloid plaques; study, reported ...",Scientists working with mice have developed a vaccine that has proved highly effective in both preventing and reversing one of the primary brain abnormalities associated with Alzheimer's disease.,A,20,The New York Times,[],"[{'name': 'organizations', 'value': 'Elan Pharmaceuticals', 'rank': 1, 'major': 'N'}, {'name': 'organizations', 'value': 'Nature', 'rank': 2, 'major': 'N'}, {'name': 'organizations', 'value': ""ALZHEIMER'S ASSOCIATION"", 'rank': 3, 'major': 'N'}, {'name': 'subject', 'value': ""Alzheimer's Disease"", 'rank': 4, 'major': 'N'}, {'name': 'subject', 'value': 'Vaccination and Immunization', 'rank': 5, 'major': 'N'}, {'name': 'subject', 'value': 'Brain', 'rank': 6, 'major': 'N'}, {'name': 'subject', 'value': 'Research', 'rank': 7, 'major': 'N'}, {'name': 'subject', 'value': 'Telephones and Telecommunications', 'rank': 8, 'major': 'N'}, {'name': 'subject', 'value': 'Mice', 'rank': 9, 'major': 'N'}]",1999-07-08T05:00:00+0000,article,National Desk,U.S.,News,nyt://article/57438e6e-395c-57f2-b793-599af1edcf18,1068,nyt://article/57438e6e-395c-57f2-b793-599af1edcf18,Vaccine in Mice Offers Hope In Fight Against Alzheimer's,,,Vaccine in Mice Offers Hope In Fight Against Alzheimer's,,,,By Lawrence M. Fisher,"[{'firstname': 'Lawrence', 'middlename': None, 'lastname': None, 'qualifier': None, 'title': None, 'role': 'reported', 'organization': '', 'rank': 1}]",,dementia,
"Op-Ed article by Cynthia Kaplan relates wrenching experience of putting her grandmother, afflicted with Alzheimer's disease, into nursing home; photo (M)",https://www.nytimes.com/1999/02/01/opinion/better-safer-warmer.html,"Op-Ed article by Cynthia Kaplan relates wrenching experience of putting her grandmother, afflicted with Alzheimer's disease, into nursing home; photo (M)",It happened very suddenly and was perhaps the most violent act in which I have ever participated. A space became available and we had to grab it or risk waiting maybe six or eight months for another.,A,23,The New York Times,[],"[{'name': 'persons', 'value': 'Kaplan, Cynthia', 'rank': 1, 'major': 'N'}, {'name': 'subject', 'value': 'Nursing Homes', 'rank': 2, 'major': 'N'}]",1999-02-01T05:00:00+0000,article,Editorial Desk,Opinion,Op-Ed,nyt://article/9d20d2d1-0508-5682-9c34-eea36f26fb60,1081,nyt://article/9d20d2d1-0508-5682-9c34-eea36f26fb60,"Better, Safer, Warmer",,,"Better, Safer, Warmer",,,,By Cynthia Kaplan,"[{'firstname': 'Cynthia', 'middlename': None, 'lastname': 'Kaplan', 'qualifier': None, 'title': None, 'role': 'reported', 'organization': '', 'rank': 1}]",,dementia,
"AS public health threats go, they could not have been more different. The West Nile-like encephalitis virus, which broke out in New York City in August, travels by mosquitoes that feed on infected birds and then bite humans. It tends to sicken the elderly the worst. The E. coli epidemic, which happened simultaneously in upstate New York, was food-borne. E. coli strikes the elderly too, but more often makes children the most ill. One disease, never before been seen in the Western Hemisphere, is in fact generally quite benign. The other is somewhat common, with the potential to greatly sicken many people under the right circumstances.    Yet ask around pediatricians' offices and the New York City Department of Health, and what do people fear the most? Hands down, West Nile. In recent weeks, the region seemed close to hysteria over the virus: Phones lit up in record numbers at the health department, parents in areas where there was not a single case kept their children indoors, TV reporters talked in stern tones about the plague among us. The E. coli outbreak, one of the worst the nation has ever seen, got scant media coverage and provoked little public discourse.  ",https://www.nytimes.com/1999/10/10/weekinreview/the-nation-it-s-infectious-fear-that-s-out-of-proportion.html,,"AS public health threats go, they could not have been more different. The West Nile-like encephalitis virus, which broke out in New York City in August, travels by mosquitoes that feed on infected birds and then bite humans. It tends to sicken the elderly the worst. The E. coli epidemic, which happened simultaneously in upstate New York, was food-borne. E. coli strikes the elderly too, but more often makes children the most ill. One disease, never before been seen in the Western Hemisphere, is in fact generally quite benign. The other is somewhat common, with the potential to greatly sicken many people under the right circumstances.",4,16,The New York Times,[],[],1999-10-10T05:00:00+0000,article,Week in Review Desk,Week in Review,News,nyt://article/4ef29d86-e895-5ffe-94b9-a60173674251,961,nyt://article/4ef29d86-e895-5ffe-94b9-a60173674251,The Nation; It's Infectious: Fear That's Out of Proportion,,,The Nation; It's Infectious: Fear That's Out of Proportion,,,,By Jennifer Steinhauer,"[{'firstname': 'Jennifer', 'middlename': None, 'lastname': 'Steinhauer', 'qualifier': None, 'title': None, 'role': 'reported', 'organization': '', 'rank': 1}]",,dementia,
"Researchers genetically alter mice ovaries to keep them active into old age, holding out promise of eventually delaying human menopause; Dr Jonathan L Tilly, lead researcher, notes gene silencing technique is not applicable to human; photo (special section, Women's Health) (M)",https://www.nytimes.com/1999/06/13/health/scientists-now-envision-life-without-menopause.html,"Researchers genetically alter mice ovaries to keep them active into old age, holding out promise of eventually delaying human menopause; Dr Jonathan L Tilly, lead researcher, notes gene silencing technique is not applicable to human; photo (specia...",NO need to stockpile Tampax and O.B.'s in anticipation of a great increase in tampon demand.,15,4,The New York Times,[],"[{'name': 'persons', 'value': 'Tilly, Jonathan L', 'rank': 1, 'major': 'N'}, {'name': 'subject', 'value': 'Menopause', 'rank': 2, 'major': 'N'}, {'name': 'subject', 'value': 'Research', 'rank': 3, 'major': 'N'}, {'name': 'subject', 'value': 'Ovaries', 'rank': 4, 'major': 'N'}, {'name': 'subject', 'value': 'Mice', 'rank': 5, 'major': 'N'}, {'name': 'subject', 'value': 'Genetic Engineering', 'rank': 6, 'major': 'N'}]",1999-06-13T05:00:00+0000,article,Women's Health,Health,News,nyt://article/baaec479-dc1a-59f0-994f-1f4a9c24f309,1118,nyt://article/baaec479-dc1a-59f0-994f-1f4a9c24f309,Scientists Now Envision Life Without Menopause,,,Scientists Now Envision Life Without Menopause,,,,By Carey Goldberg,"[{'firstname': 'Carey', 'middlename': None, 'lastname': 'Goldberg', 'qualifier': None, 'title': None, 'role': 'reported', 'organization': '', 'rank': 1}]",,dementia,
"Jane E Brody Personal Health column on heart disorder known as atrial fibrillation, chaotic rhythm in heart's upper chambers that empty blood into the ventricles, heart's main pumping chambers; when atriums function erratically, they can disrupt rhythm of ventricles, causing heart to race one minute and crawl the next; experts say atrial fibrillation is often underappreciated and undertreated; drawing (M)",https://www.nytimes.com/1999/07/27/health/personal-health-often-overlooked-a-heart-disorder-puts-many-at-great-risk.html,"Jane E Brody Personal Health column on heart disorder known as atrial fibrillation, chaotic rhythm in heart's upper chambers that empty blood into the ventricles, heart's main pumping chambers; when atriums function erratically, they can disrupt r...","During a routine physical, a 75-year-old patient named Joseph was surprised to learn that his pulse was highly irregular: 50 beats one minute, 140 the next, seemingly without provocation. He was surprised because, he said, he felt fine and hadn't noticed any symptoms, except for three brief, isolated periods of complete lethargy that had occurred over three months.",F,6,The New York Times,[],"[{'name': 'subject', 'value': 'Heart', 'rank': 1, 'major': 'N'}, {'name': 'creative_works', 'value': 'PERSONAL HEALTH (TIMES COLUMN)', 'rank': 2, 'major': 'N'}]",1999-07-27T05:00:00+0000,article,Health & Fitness,Health,News,nyt://article/d81a9c6f-11b2-5820-8518-5d64fcaaac4e,1105,nyt://article/d81a9c6f-11b2-5820-8518-5d64fcaaac4e,"Often Overlooked, a Heart Disorder Puts Many at Great Risk",PERSONAL HEALTH,,"PERSONAL HEALTH; Often Overlooked, a Heart Disorder Puts Many at Great Risk",,,,By Jane E. Brody,"[{'firstname': 'Jane', 'middlename': 'E.', 'lastname': 'Brody', 'qualifier': None, 'title': None, 'role': 'reported', 'organization': '', 'rank': 1}]",,dementia,
"Karl Lagerfeld got back into bed with Coco Chanel, and by cuddling up to the house's signature quilt, he sent out a strong and chic collection. . That quilting came on anything from small jackets to giant gauntlets, by way of purses. And with its instant",https://www.nytimes.com/1999/10/09//IHT-kenzos-rousing-sendoff-margielas-outsize-wit-chanel-pumps-up-the-volume.html,"Karl Lagerfeld got back into bed with Coco Chanel, and by cuddling up to the house's signature quilt, he sent out a strong and chic collection. . That quilting came on anything from small jackets to giant gauntlets, by way of purses. And with its ...","Karl Lagerfeld got back into bed with Coco Chanel, and by cuddling up to the house's signature quilt, he sent out a strong and chic collection.",,,International Herald Tribune,[],[],1999-10-09T05:00:00+0000,article,IHT News,,,nyt://article/2d881aaa-6309-5f17-bb76-a63476383155,7281,nyt://article/2d881aaa-6309-5f17-bb76-a63476383155,Kenzo's Rousing Send-Off; Margiela's Outsize Wit : Chanel Pumps Up the Volume,,,Kenzo's Rousing Send-Off; Margiela's Outsize Wit : Chanel Pumps Up the Volume,,,,"By Suzy Menkes, International Herald Tribune","[{'firstname': 'Suzy', 'middlename': None, 'lastname': 'Menkes', 'qualifier': None, 'title': None, 'role': 'reported', 'organization': '', 'rank': 1}, {'firstname': 'International', 'middlename': 'Herald', 'lastname': 'Tribune', 'qualifier': None, 'title': None, 'role': 'reported', 'organization': '', 'rank': 2}]",,dementia,
"Michiko Kakutani reviews book A Private Life of Henry James: Two Women and His Art, by Lyndall Gordon (M)",https://www.nytimes.com/1999/04/23/books/books-of-the-times-casting-henry-james-as-an-artistic-cad.html,"Michiko Kakutani reviews book A Private Life of Henry James: Two Women and His Art, by Lyndall Gordon (M)",A PRIVATE LIFE OF HENRY JAMES,E,42,The New York Times,[],"[{'name': 'persons', 'value': 'Gordon, Lyndall', 'rank': 1, 'major': 'N'}, {'name': 'persons', 'value': 'James, Henry', 'rank': 2, 'major': 'N'}, {'name': 'subject', 'value': 'Reviews', 'rank': 3, 'major': 'N'}, {'name': 'subject', 'value': 'Books and Literature', 'rank': 4, 'major': 'N'}, {'name': 'subject', 'value': 'Biographical Information', 'rank': 5, 'major': 'N'}, {'name': 'creative_works', 'value': 'PRIVATE LIFE OF HENRY JAMES, A (BOOK)', 'rank': 6, 'major': 'N'}]",1999-04-23T05:00:00+0000,article,Leisure/Weekend Desk,Books,Review,nyt://article/7f2544c5-c6be-56bd-a7a3-3cabecb638c7,1213,nyt://article/7f2544c5-c6be-56bd-a7a3-3cabecb638c7,Casting Henry James as an Artistic Cad,BOOKS OF THE TIMES,,BOOKS OF THE TIMES; Casting Henry James as an Artistic Cad,,,,By Michiko Kakutani,"[{'firstname': 'Michiko', 'middlename': None, 'lastname': 'Kakutani', 'qualifier': None, 'title': None, 'role': 'reported', 'organization': '', 'rank': 1}]",,dementia,
"Ben Brantley reviews spoof theater production Shockheaded Peter: A Junk Opera, written and illustrated by Heinrich Hoffmann, presented at New Victory Theater, West 42d Street; British import is Cultural Industry Project produced in collaboration with West Yorkshire Playhouse and Lyric Theater Hammersmith; photo (M)",https://www.nytimes.com/1999/10/19/theater/theater-review-going-bump-and-worse-in-the-night-and-onstage.html,"Ben Brantley reviews spoof theater production Shockheaded Peter: A Junk Opera, written and illustrated by Heinrich Hoffmann, presented at New Victory Theater, West 42d Street; British import is Cultural Industry Project produced in collaboration w...","For a fellow who looks as if he has just crawled out of Dr. Caligari's cabinet, the man who presides as the master of ceremonies for ''Shockheaded Peter: A Junk Opera,'' the wondrously inventive evening of Victorian gore and ghoulishness at the New Victory Theater, really isn't very frightening, at least not in the way he would like to be.",E,1,The New York Times,[],"[{'name': 'persons', 'value': 'Hoffmann, Heinrich', 'rank': 1, 'major': 'N'}, {'name': 'subject', 'value': 'Reviews', 'rank': 2, 'major': 'N'}, {'name': 'subject', 'value': 'Theater', 'rank': 3, 'major': 'N'}, {'name': 'creative_works', 'value': 'SHOCKHEADED PETER: A JUNK OPERA (OPERA)', 'rank': 4, 'major': 'N'}]",1999-10-19T05:00:00+0000,article,The Arts/Cultural Desk,Theater,Review,nyt://article/2e419ce4-32cd-515f-adee-4cf67be3e8dd,1121,nyt://article/2e419ce4-32cd-515f-adee-4cf67be3e8dd,Going Bump (And Worse) In the Night And Onstage,THEATER REVIEW,,THEATER REVIEW; Going Bump (And Worse) In the Night And Onstage,,,,By Ben Brantley,"[{'firstname': 'Ben', 'middlename': None, 'lastname': 'Brantley', 'qualifier': None, 'title': None, 'role': 'reported', 'organization': '', 'rank': 1}]",,dementia,
"Jane E Brody Personal Health column on dangers posed by carbon monoxide poisoning, and steps to guard against it; table shows effects on body of varying percentages of carbon monoxide (M)",https://www.nytimes.com/1999/01/05/health/personal-health-watching-for-the-warning-signs-of-an-invisible-killer.html,"Jane E Brody Personal Health column on dangers posed by carbon monoxide poisoning, and steps to guard against it; table shows effects on body of varying percentages of carbon monoxide (M)","You can't see it, hear it, smell it, taste it or feel it. But it can poison or even kill you without you ever realizing it's around. It is the deadly gas, carbon monoxide, and winter is the season it does most of its damage. Despite annual warnings about the many sources of carbon monoxide and how problems can be prevented and detected before it's too late, this product of combustion kills an estimated 2,100 people who did not intend to die and sickens 10,000 others in the United States each year.",F,6,The New York Times,[],"[{'name': 'subject', 'value': 'Carbon Monoxide', 'rank': 1, 'major': 'N'}, {'name': 'subject', 'value': 'Poisoning and Poisons', 'rank': 2, 'major': 'N'}, {'name': 'creative_works', 'value': 'PERSONAL HEALTH (TIMES COLUMN)', 'rank': 3, 'major': 'N'}]",1999-01-05T05:00:00+0000,article,Health & Fitness,Health,News,nyt://article/eef87305-a78d-5d4f-91db-f6a17aee9793,1151,nyt://article/eef87305-a78d-5d4f-91db-f6a17aee9793,Watching for the Warning Signs of an Invisible Killer,PERSONAL HEALTH,,PERSONAL HEALTH; Watching for the Warning Signs of an Invisible Killer,,,,By Jane E. Brody,"[{'firstname': 'Jane', 'middlename': 'E.', 'lastname': 'Brody', 'qualifier': None, 'title': None, 'role': 'reported', 'organization': '', 'rank': 1}]",,dementia,
Jon Pareles roundup of 10 reminiscences of popular music in 1999; photos (M)/,https://www.nytimes.com/1999/12/26/arts/1999-the-year-in-review-music-marking-time-as-duke-s-century-wound-down.html,Jon Pareles roundup of 10 reminiscences of popular music in 1999; photos (M)/,"POPULAR music was running out the clock throughout 1999. No one, it seemed, wanted to squander an original idea this year, lest it be tossed out with the entire passe 20th century.",2,43,The New York Times,[],"[{'name': 'subject', 'value': 'Music', 'rank': 1, 'major': 'N'}, {'name': 'subject', 'value': 'Reviews', 'rank': 2, 'major': 'N'}]",1999-12-26T05:00:00+0000,article,Arts and Leisure Desk,Arts,News,nyt://article/1d50ed54-926e-599d-8c91-2d237251fa99,1093,nyt://article/1d50ed54-926e-599d-8c91-2d237251fa99,Marking Time as Duke's Century Wound Down,1999: THE YEAR IN REVIEW - MUSIC,,1999: THE YEAR IN REVIEW - MUSIC; Marking Time as Duke's Century Wound Down,,,,By Jon Pareles,"[{'firstname': 'Jon', 'middlename': None, 'lastname': 'Pareles', 'qualifier': None, 'title': None, 'role': 'reported', 'organization': '', 'rank': 1}]",,dementia,
"PARIS  Karl Lagerfeld got back into bed with Coco Chanel, and by cuddling up to the house's signature quilt, he sent out a strong and chic collection. ",https://www.nytimes.com/1999/10/09/news/kenzos-rousing-sendoff-margielas-outsize-wit-chanel-pumps-up-the-volume.html,,"PARIS  Karl Lagerfeld got back into bed with Coco Chanel, and by cuddling up to the house's signature quilt, he sent out a strong and chic collection. ",,,The New York Times,[],[],1999-10-09T05:00:00+0000,article,News,World,News,nyt://article/c489663c-5283-57e9-92d6-f7e726a1d480,1854,nyt://article/c489663c-5283-57e9-92d6-f7e726a1d480,Kenzo's Rousing Send-Off; Margiela's Outsize Wit : Chanel Pumps Up the Volume,,,Kenzo's Rousing Send-Off; Margiela's Outsize Wit : Chanel Pumps Up the Volume,,,,"By Suzy Menkes, International Herald Tribune","[{'firstname': 'Suzy', 'middlename': None, 'lastname': 'Menkes', 'qualifier': None, 'title': None, 'role': 'reported', 'organization': '', 'rank': 1}, {'firstname': 'International', 'middlename': 'Herald', 'lastname': 'Tribune', 'qualifier': None, 'title': None, 'role': 'reported', 'organization': '', 'rank': 2}]",,dementia,
Philip Zaleski article on current crisis in spiritual writing; notes popular and diverse genre is out of favor among intelligentsia because of embarrassing glut of bad books; drawing (M),https://www.nytimes.com/1999/01/10/books/bookend-god-help-the-spiritual-writer.html,Philip Zaleski article on current crisis in spiritual writing; notes popular and diverse genre is out of favor among intelligentsia because of embarrassing glut of bad books; drawing (M),QUESTION: What do you think of ''spiritual,7,27,The New York Times,[],"[{'name': 'persons', 'value': 'Zaleski, Philip', 'rank': 1, 'major': 'N'}, {'name': 'subject', 'value': 'Books and Literature', 'rank': 2, 'major': 'N'}]",1999-01-10T05:00:00+0000,article,Book Review Desk,Books,News,nyt://article/a7ecf1f0-aecd-5a03-9de6-152840b6e8b7,1403,nyt://article/a7ecf1f0-aecd-5a03-9de6-152840b6e8b7,Bookend; God Help the Spiritual Writer,,,Bookend; God Help the Spiritual Writer,,,,By Philip Zaleski,"[{'firstname': 'Philip', 'middlename': None, 'lastname': 'Zaleski', 'qualifier': None, 'title': None, 'role': 'reported', 'organization': '', 'rank': 1}]",,dementia,Book Review
John Rockwell reviews book Aaron Copland: The Life and Work of an Uncommon Man by Howard Pollack; drawing (M),https://www.nytimes.com/1999/03/14/books/sounds-of-america.html,John Rockwell reviews book Aaron Copland: The Life and Work of an Uncommon Man by Howard Pollack; drawing (M),AARON COPLAND,7,10,The New York Times,[],"[{'name': 'persons', 'value': 'Copland, Aaron', 'rank': 1, 'major': 'N'}, {'name': 'persons', 'value': 'Pollack, Howard', 'rank': 2, 'major': 'N'}, {'name': 'subject', 'value': 'Reviews', 'rank': 3, 'major': 'N'}, {'name': 'subject', 'value': 'Books and Literature', 'rank': 4, 'major': 'N'}, {'name': 'creative_works', 'value': 'AARON COPLAND: THE LIFE AND WORK OF AN UNCOMMON MAN (BOOK)', 'rank': 5, 'major': 'N'}]",1999-03-14T05:00:00+0000,article,Book Review Desk,Books,Review,nyt://article/49396ba3-a5ab-578a-8d73-de4b6bdc3a5d,1367,nyt://article/49396ba3-a5ab-578a-8d73-de4b6bdc3a5d,Sounds of America,,,Sounds of America,,,,By John Rockwell,"[{'firstname': 'John', 'middlename': None, 'lastname': 'Rockwell', 'qualifier': None, 'title': None, 'role': 'reported', 'organization': '', 'rank': 1}]",,dementia,
"Dr Marcia Sherman article on amnesia discusses unusual cases in which the individual mistakes the present for the past, where individual travels through time into the past (M)",https://www.nytimes.com/1999/07/13/health/cases-the-man-who-vanished-into-his-past.html,"Dr Marcia Sherman article on amnesia discusses unusual cases in which the individual mistakes the present for the past, where individual travels through time into the past (M)","Just over a year ago, Terry Dibert got up from his desk in the school district headquarters in Bedford, Pa., and vanished into his past.",F,8,The New York Times,[],"[{'name': 'persons', 'value': 'Sherman, Marcia (Dr)', 'rank': 1, 'major': 'N'}, {'name': 'subject', 'value': 'Amnesia', 'rank': 2, 'major': 'N'}]",1999-07-13T05:00:00+0000,article,Health & Fitness,Health,News,nyt://article/ccbf5451-d881-5b29-89e7-0e1bdf3b5e43,1421,nyt://article/ccbf5451-d881-5b29-89e7-0e1bdf3b5e43,CASES; The Man Who Vanished Into His Past,,,CASES; The Man Who Vanished Into His Past,,,,"By Marcia Sherman, M.d","[{'firstname': 'Marcia', 'middlename': None, 'lastname': 'Sherman', 'qualifier': None, 'title': None, 'role': 'reported', 'organization': '', 'rank': 1}, {'firstname': None, 'middlename': None, 'lastname': None, 'qualifier': None, 'title': None, 'role': 'reported', 'organization': '', 'rank': 2}]",,dementia,
"Holland Cotter reviews roundup of contemporary art from Berlin titled Children of Berlin: Cultural Developments 1989-1999, at PS 1 Contemporary Art Center in Long Island City; photo (M)",https://www.nytimes.com/1999/11/12/arts/art-review-update-on-berlin-since-the-wall.html,"Holland Cotter reviews roundup of contemporary art from Berlin titled Children of Berlin: Cultural Developments 1989-1999, at PS 1 Contemporary Art Center in Long Island City; photo (M)","The last New York roundup of contemporary art from the eternally under-construction city of Berlin was at the Museum of Modern Art in 1987; it was all about neo-Expressionist painting. Now comes an update titled ''Children of Berlin: Cultural Developments 1989-1999'' at P.S. 1 Contemporary Art Center in Long Island City, and there isn't a painting in sight.",E,39,The New York Times,[],"[{'name': 'glocations', 'value': 'Berlin (Germany)', 'rank': 1, 'major': 'N'}, {'name': 'organizations', 'value': 'PS 1 CENTER FOR CONTEMPORARY ART', 'rank': 2, 'major': 'N'}, {'name': 'subject', 'value': 'Reviews', 'rank': 3, 'major': 'N'}, {'name': 'subject', 'value': 'Art', 'rank': 4, 'major': 'N'}]",1999-11-12T05:00:00+0000,article,Leisure/Weekend Desk,Arts,Review,nyt://article/07220d06-caa5-5710-ad58-97ebdc183470,1354,nyt://article/07220d06-caa5-5710-ad58-97ebdc183470,Update on Berlin Since the Wall,ART REVIEW,,ART REVIEW; Update on Berlin Since the Wall,,,,By Holland Cotter,"[{'firstname': 'Holland', 'middlename': None, 'lastname': 'Cotter', 'qualifier': None, 'title': None, 'role': 'reported', 'organization': '', 'rank': 1}]",,dementia,
"Article on Jan Veilleux of Plymouth, Conn, who owns many exotic pets and has opened Jan's Jungle Exotics, which provides animal programs for special occasions (M)",https://www.nytimes.com/1999/03/07/nyregion/a-household-overflowing-with-animals.html,"Article on Jan Veilleux of Plymouth, Conn, who owns many exotic pets and has opened Jan's Jungle Exotics, which provides animal programs for special occasions (M)","IT did not take long to realize Jan Veilleux runs an unusual household; her kangaroos, Joey and Chester, greeted visitors at the front door of her yellow ranch in the Terryville section of Plymouth.",CN,14,The New York Times,[],"[{'name': 'organizations', 'value': ""Jan's Jungle Exotics"", 'rank': 1, 'major': 'N'}, {'name': 'persons', 'value': 'Veilleux, Jan', 'rank': 2, 'major': 'N'}, {'name': 'subject', 'value': 'Animals', 'rank': 3, 'major': 'N'}]",1999-03-07T05:00:00+0000,article,Connecticut Weekly Desk,New York,News,nyt://article/3ef16f48-3687-5dbb-bc21-065e7f053506,1423,nyt://article/3ef16f48-3687-5dbb-bc21-065e7f053506,A Household Overflowing With Animals,,,A Household Overflowing With Animals,,,,By Susan Pearsall,"[{'firstname': 'Susan', 'middlename': None, 'lastname': 'Pearsall', 'qualifier': None, 'title': None, 'role': 'reported', 'organization': '', 'rank': 1}]",,dementia,
John Horgan reviews books Time of Our Lives: The Science of Human Aging by Tom Kirkwood and A Means to an End: The Biological Basis of Aging and Death by Prof William R Clark; drawing (M),https://www.nytimes.com/1999/08/15/books/beyond-viagra.html,John Horgan reviews books Time of Our Lives: The Science of Human Aging by Tom Kirkwood and A Means to an End: The Biological Basis of Aging and Death by Prof William R Clark; drawing (M),TIME OF OUR LIVES,7,22,The New York Times,[],"[{'name': 'persons', 'value': 'Kirkwood, Tom', 'rank': 1, 'major': 'N'}, {'name': 'persons', 'value': 'Clark, William R', 'rank': 2, 'major': 'N'}, {'name': 'subject', 'value': 'Reviews', 'rank': 3, 'major': 'N'}, {'name': 'subject', 'value': 'Books and Literature', 'rank': 4, 'major': 'N'}, {'name': 'creative_works', 'value': 'MEANS TO AN END, A (BOOK)', 'rank': 5, 'major': 'N'}, {'name': 'creative_works', 'value': 'TIMES OF OUR LIVES: THE SCIENCE OF HUMAN AGING (BOOK)', 'rank': 6, 'major': 'N'}]",1999-08-15T05:00:00+0000,article,Book Review Desk,Books,Review,nyt://article/84e75f5f-d084-561b-993f-b25bb5cf134d,1408,nyt://article/84e75f5f-d084-561b-993f-b25bb5cf134d,Beyond Viagra,,,Beyond Viagra,,,,By John Horgan,"[{'firstname': 'John', 'middlename': None, 'lastname': 'Horgan', 'qualifier': None, 'title': None, 'role': 'reported', 'organization': '', 'rank': 1}]",,dementia,
"Disability waiver exempting immigrants with physical and mental problems from need to pass English proficiency and civics parts of citizenship exam has been source of tension and dispute between immigrants and Immigration and Naturalization Service since it was granted by 1994 law; INS officials admit agency is still deciding how best to administer exemption, saying field employees sometimes misintepret it in zeal to detect fraud; denial of waiver has spurred several suits; New York City immigration lawyers plan formal and unusual collective protest letter (M)",https://www.nytimes.com/1999/02/18/nyregion/an-ins-hurdle-for-the-disabled-promised-exemptions-elude-many-would-be-citizens.html,Disability waiver exempting immigrants with physical and mental problems from need to pass English proficiency and civics parts of citizenship exam has been source of tension and dispute between immigrants and Immigration and Naturalization Servic...,"Mikhail Kholchanskiy turned 80 this month, an age that few men like him, soldiers and laborers of the former Soviet Union, ever reach. Relatives sent cards and presents, but they could not give him the one gift he craved: becoming a citizen of the United States, the country that accepted him as a refugee when he fled Ukraine in 1992.",B,1,The New York Times,[],"[{'name': 'organizations', 'value': 'IMMIGRATION AND NATURALIZATION SERVICE', 'rank': 1, 'major': 'N'}, {'name': 'subject', 'value': 'Citizenship', 'rank': 2, 'major': 'N'}, {'name': 'subject', 'value': 'IMMIGRATION AND REFUGEES', 'rank': 3, 'major': 'N'}, {'name': 'subject', 'value': 'SUITS AND CLAIMS AGAINST GOVERNMENT', 'rank': 4, 'major': 'N'}, {'name': 'subject', 'value': 'Tests and Testing', 'rank': 5, 'major': 'N'}, {'name': 'subject', 'value': 'Handicapped', 'rank': 6, 'major': 'N'}]",1999-02-18T05:00:00+0000,article,Metropolitan Desk,New York,News,nyt://article/5337e29e-2d20-5d37-9798-1032fda84824,1415,nyt://article/5337e29e-2d20-5d37-9798-1032fda84824,An I.N.S. Hurdle for the Disabled; Promised Exemptions Elude Many Would-Be Citizens,,,An I.N.S. Hurdle for the Disabled; Promised Exemptions Elude Many Would-Be Citizens,,,,By Susan Sachs,"[{'firstname': 'Susan', 'middlename': None, 'lastname': 'Sachs', 'qualifier': None, 'title': None, 'role': 'reported', 'organization': '', 'rank': 1}]",,dementia,
"Caroline Alexander article on visiting Lake District in northwestern England, home of poets William Wordsworth and his sister, Dorothy; photos (special section, The Sophisticated Traveler) (part 2 of 2-part section) (M)",https://www.nytimes.com/1999/02/28/magazine/the-other-wordsworth-in-england-s-lake-district.html,"Caroline Alexander article on visiting Lake District in northwestern England, home of poets William Wordsworth and his sister, Dorothy; photos (special section, The Sophisticated Traveler) (part 2 of 2-part section) (M)","With its dramatic hulking peaks and solitary valleys, its broad still lakes and mountain tarns, the Lake District in northwestern England is not only one of the most romantic landscapes in the world, it is also one of the most important sites in Romantic literature. This is Wordsworth country, after all, and it is from this district, at once so wild and so pastoral, that one of England's greatest poets drew his deepest inspiration.",6,15,The New York Times,[],"[{'name': 'glocations', 'value': 'Great Britain', 'rank': 1, 'major': 'N'}, {'name': 'persons', 'value': 'Wordsworth, Dorothy', 'rank': 2, 'major': 'N'}, {'name': 'persons', 'value': 'Wordsworth, William', 'rank': 3, 'major': 'N'}, {'name': 'subject', 'value': 'Poetry and Poets', 'rank': 4, 'major': 'N'}, {'name': 'subject', 'value': 'Biographical Information', 'rank': 5, 'major': 'N'}, {'name': 'subject', 'value': 'Books and Literature', 'rank': 6, 'major': 'N'}, {'name': 'subject', 'value': 'SPECIAL SECTIONS', 'rank': 7, 'major': 'N'}, {'name': 'subject', 'value': 'Travel and Vacations', 'rank': 8, 'major': 'N'}]",1999-02-28T05:00:00+0000,article,Magazine Desk,Magazine,News,nyt://article/35654903-5989-5df8-8c85-06d7af070964,3363,nyt://article/35654903-5989-5df8-8c85-06d7af070964,"The Other Wordsworth, In England's Lake District",,,"The Other Wordsworth, In England's Lake District",,,,By Caroline Alexander,"[{'firstname': 'Caroline', 'middlename': None, 'lastname': 'Alexander', 'qualifier': None, 'title': None, 'role': 'reported', 'organization': '', 'rank': 1}]",,dementia,
Matthew Gurewitsch article notes New York audience have come to view Cecilia Bartoli as 'comic' diva because she played maid in three appearances with Metropolitan Opera; cites her performances in darker roles in Europe and in recordings; photos (M)t,https://www.nytimes.com/1999/06/20/arts/music-the-tragic-side-of-a-comic-diva.html,Matthew Gurewitsch article notes New York audience have come to view Cecilia Bartoli as 'comic' diva because she played maid in three appearances with Metropolitan Opera; cites her performances in darker roles in Europe and in recordings; photos (...,"HECK, she'd even play the maid to be in a show. So says the foot-weary Broadway Baby of Stephen Sondheim's wisecracking show-biz lament. As luck would have it, Cecilia Bartoli has played three shows in that great big Broadway barn they call the Metropolitan Opera. And every time, she played the maid. First came Despina in Mozart's ''Cosi Fan Tutte,'' then Rossini's Cinderella in ''La Cenerentola'' and, finally, Mozart's Susanna on her wedding day in ''Le Nozze di Figaro.'' Should we be drawing conclusions?",2,21,The New York Times,[],"[{'name': 'organizations', 'value': 'Metropolitan Opera', 'rank': 1, 'major': 'N'}, {'name': 'persons', 'value': 'Bartoli, Cecilia', 'rank': 2, 'major': 'N'}, {'name': 'subject', 'value': 'Biographical Information', 'rank': 3, 'major': 'N'}, {'name': 'subject', 'value': 'Opera', 'rank': 4, 'major': 'N'}]",1999-06-20T05:00:00+0000,article,Arts and Leisure Desk,Arts,News,nyt://article/ca691ee6-9099-5244-97ab-78cd8e4bbd59,1750,nyt://article/ca691ee6-9099-5244-97ab-78cd8e4bbd59,The Tragic Side of a 'Comic' Diva,MUSIC,,MUSIC; The Tragic Side of a 'Comic' Diva,,,,By Matthew Gurewitsch,"[{'firstname': 'Matthew', 'middlename': None, 'lastname': 'Gurewitsch', 'qualifier': None, 'title': None, 'role': 'reported', 'organization': '', 'rank': 1}]",,dementia,
Brooke Allen reviews book A Private Life of Henry James: Two Women and His Art by Lyndall Gordon; drawing (M),https://www.nytimes.com/1999/05/16/books/borrowed-lives.html,Brooke Allen reviews book A Private Life of Henry James: Two Women and His Art by Lyndall Gordon; drawing (M),A PRIVATE LIFE,7,10,The New York Times,[],"[{'name': 'persons', 'value': 'Gordon, Lyndall', 'rank': 1, 'major': 'N'}, {'name': 'subject', 'value': 'Reviews', 'rank': 2, 'major': 'N'}, {'name': 'subject', 'value': 'Books and Literature', 'rank': 3, 'major': 'N'}, {'name': 'creative_works', 'value': 'PRIVATE LIFE OF HENRY JAMES, A (BOOK)', 'rank': 4, 'major': 'N'}]",1999-05-16T05:00:00+0000,article,Book Review Desk,Books,Review,nyt://article/c2c3938e-15ed-5f4e-8850-6f6ba2dfc10b,1820,nyt://article/c2c3938e-15ed-5f4e-8850-6f6ba2dfc10b,Borrowed Lives,,,Borrowed Lives,,,,By Brooke Allen,"[{'firstname': 'Brooke', 'middlename': None, 'lastname': 'Allen', 'qualifier': None, 'title': None, 'role': 'reported', 'organization': '', 'rank': 1}]",,dementia,
"David Thompson article on reaction to Spike Lee's latest movie Summer of Sam, about serial killer David Berkowitz; focuses on Lee's remarkable, yet controversial, career; photo (M)",https://www.nytimes.com/1999/07/25/movies/film-the-right-thing-even-when-it-ends-up-wrong.html,"David Thompson article on reaction to Spike Lee's latest movie Summer of Sam, about serial killer David Berkowitz; focuses on Lee's remarkable, yet controversial, career; photo (M)","''SUMMER OF SAM'' is misguided, reckless, grating. Yet it smells like the work of a very promising kid with a beautiful, perilous idea and more energy than he can control. And don't underestimate that energy, the life and the painful rawness. Because, to this viewer's eyes, they are so much more appealing than the mummified finesse that masks a nearly complete ignorance of human beings called ''Eyes Wide Shut.'' I know this is not what everyone is saying (in print), but it is why Spike Lee matters.",2,7,The New York Times,[],"[{'name': 'glocations', 'value': 'New York City', 'rank': 1, 'major': 'N'}, {'name': 'persons', 'value': 'Lee, Spike', 'rank': 2, 'major': 'N'}, {'name': 'persons', 'value': 'Thompson, David', 'rank': 3, 'major': 'N'}, {'name': 'persons', 'value': 'Berkowitz, David', 'rank': 4, 'major': 'N'}, {'name': 'subject', 'value': 'MOTION PICTURES', 'rank': 5, 'major': 'N'}, {'name': 'subject', 'value': 'Murders and Attempted Murders', 'rank': 6, 'major': 'N'}, {'name': 'subject', 'value': 'Biographical Information', 'rank': 7, 'major': 'N'}, {'name': 'subject', 'value': 'Serial Murders', 'rank': 8, 'major': 'N'}, {'name': 'creative_works', 'value': 'Summer of Sam (Movie)', 'rank': 9, 'major': 'N'}]",1999-07-25T05:00:00+0000,article,Arts and Leisure Desk,Movies,Biography,nyt://article/587f6851-9a38-54b9-8cb9-3a5bae9d6522,1793,nyt://article/587f6851-9a38-54b9-8cb9-3a5bae9d6522,"The Right Thing, Even When It Ends Up Wrong",FILM,,"FILM; The Right Thing, Even When It Ends Up Wrong",,,,By David Thomson,"[{'firstname': 'David', 'middlename': None, 'lastname': 'Thomson', 'qualifier': None, 'title': None, 'role': 'reported', 'organization': '', 'rank': 1}]",,dementia,
"Columbia University researchers are offering free heroin to addicts and paying them to use it under two federally authorized trials aimed at assessing effectiveness of naltrexone, methadone and buprenorphine in neutralizing heroin's high; all of the subjects in these studies have rejected treatment, but those in a third study do want treatment and are given naltrexone, but no heroin; three other studies at Columbia focus on cocaine and how its use is affected by various drugs; photos (M)",https://www.nytimes.com/1999/06/08/science/in-battle-against-heroin-scientists-enlist-heroin.html,"Columbia University researchers are offering free heroin to addicts and paying them to use it under two federally authorized trials aimed at assessing effectiveness of naltrexone, methadone and buprenorphine in neutralizing heroin's high; all of t...","Taking a bold approach to addiction, researchers at Columbia University are offering free heroin to addicts and paying them to use it under a Federally authorized program aimed at finding a cure for their drug habits.",F,1,The New York Times,[],"[{'name': 'organizations', 'value': 'Columbia University', 'rank': 1, 'major': 'N'}, {'name': 'subject', 'value': 'Heroin', 'rank': 2, 'major': 'N'}, {'name': 'subject', 'value': 'Buprenorphine (Drug)', 'rank': 3, 'major': 'N'}, {'name': 'subject', 'value': 'Methadone', 'rank': 4, 'major': 'N'}, {'name': 'subject', 'value': 'Research', 'rank': 5, 'major': 'N'}, {'name': 'subject', 'value': 'Cocaine and Crack Cocaine', 'rank': 6, 'major': 'N'}, {'name': 'subject', 'value': 'NALTREXONE (DRUG)', 'rank': 7, 'major': 'N'}, {'name': 'subject', 'value': 'Drug Abuse and Traffic', 'rank': 8, 'major': 'N'}]",1999-06-08T05:00:00+0000,article,Science Desk,Science,News,nyt://article/5d7d7b54-f3ee-5ac0-be8b-d66f104ffd7d,1645,nyt://article/5d7d7b54-f3ee-5ac0-be8b-d66f104ffd7d,"In Battle Against Heroin, Scientists Enlist Heroin",,,"In Battle Against Heroin, Scientists Enlist Heroin",,,,By Christopher S. Wren,"[{'firstname': 'Christopher', 'middlename': 'S.', 'lastname': 'Wren', 'qualifier': None, 'title': None, 'role': 'reported', 'organization': '', 'rank': 1}]",,dementia,
B Ruby Rich article on movie After Life; director Hirokazu Kore-Eda continues his exploration of memory as central theme in documentary-style film in which he asks elderly people what single memory they would choose to carry with them after death; photo (M),https://www.nytimes.com/1999/05/16/movies/film-choose-one-memory-to-take-with-you-he-asks.html,B Ruby Rich article on movie After Life; director Hirokazu Kore-Eda continues his exploration of memory as central theme in documentary-style film in which he asks elderly people what single memory they would choose to carry with them after death;...,"THE afterlife. Today it rivals Vancouver as one of the most popular movie locations. Ever since Ernst Lubitsch sent a departed mortal hurtling back to earth in ''Heaven Can Wait,'' heaven itself has been fascinating Hollywood. When Wim Wenders sent his angels earthward in ''Wings of Desire,'' a trend was reborn. What with John Travolta, Robin Williams and Brad Pitt all going celestial, heaven has never been more hip. Heaven help future historians tempted to interpret this era's spiritual proclivities from a close reading of recent movies. Luckily, they -- and we -- now have some help from the Japanese director Hirokazu Kore-eda. His new film, ''After Life'' (at the Film Forum) redefines our notions of what comes next in a charming fable that's as profound as it is simple.",2,11,The New York Times,[],"[{'name': 'persons', 'value': 'Kore-eda, Hirokazu', 'rank': 1, 'major': 'N'}, {'name': 'subject', 'value': 'MOTION PICTURES', 'rank': 2, 'major': 'N'}, {'name': 'creative_works', 'value': 'After Life (Movie)', 'rank': 3, 'major': 'N'}]",1999-05-16T05:00:00+0000,article,Arts and Leisure Desk,Movies,News,nyt://article/a68a9266-8479-5663-acad-81f795c42b34,1581,nyt://article/a68a9266-8479-5663-acad-81f795c42b34,"Choose One Memory to Take With You, He Asks",FILM,,"FILM; Choose One Memory to Take With You, He Asks",,,,By B. Ruby Rich,[],,dementia,
Robert Kiely reviews book Man From Babel by Eugene Jolas; photo (M),https://www.nytimes.com/1999/01/03/books/lost-man-of-the-lost-generation.html,Robert Kiely reviews book Man From Babel by Eugene Jolas; photo (M),MAN FROM BABEL,7,20,The New York Times,[],"[{'name': 'persons', 'value': 'Jolas, Eugene', 'rank': 1, 'major': 'N'}, {'name': 'subject', 'value': 'Reviews', 'rank': 2, 'major': 'N'}, {'name': 'subject', 'value': 'Books and Literature', 'rank': 3, 'major': 'N'}, {'name': 'creative_works', 'value': 'MAN FROM BABEL (BOOK)', 'rank': 4, 'major': 'N'}]",1999-01-03T05:00:00+0000,article,Book Review Desk,Books,Review,nyt://article/018ebe45-c4b2-52db-b5aa-e41960890b51,1828,nyt://article/018ebe45-c4b2-52db-b5aa-e41960890b51,Lost Man of the Lost Generation,,,Lost Man of the Lost Generation,,,,By Robert Kiely,"[{'firstname': 'Robert', 'middlename': None, 'lastname': 'Kiely', 'qualifier': None, 'title': None, 'role': 'reported', 'organization': '', 'rank': 1}]",,dementia,
Tony Judt reviews book Dark Continent: Europe's Twentieth Century by Mark Mazower (M),https://www.nytimes.com/1999/02/07/books/democracy-as-an-aberration.html,Tony Judt reviews book Dark Continent: Europe's Twentieth Century by Mark Mazower (M),DARK CONTINENT,7,11,The New York Times,[],"[{'name': 'persons', 'value': 'Mazower, Mark', 'rank': 1, 'major': 'N'}, {'name': 'subject', 'value': 'Reviews', 'rank': 2, 'major': 'N'}, {'name': 'subject', 'value': 'Books and Literature', 'rank': 3, 'major': 'N'}, {'name': 'creative_works', 'value': ""DARK CONTINENT: EUROPE'S TWENTIETH CENTURY (BOOK)"", 'rank': 4, 'major': 'N'}]",1999-02-07T05:00:00+0000,article,Book Review Desk,Books,Review,nyt://article/273caf76-daab-580b-a52d-c216692de107,1912,nyt://article/273caf76-daab-580b-a52d-c216692de107,Democracy as an Aberration,,,Democracy as an Aberration,,,,By Tony Judt,"[{'firstname': 'Tony', 'middlename': None, 'lastname': 'Judt', 'qualifier': None, 'title': None, 'role': 'reported', 'organization': '', 'rank': 1}]",,dementia,
Steven R Weisman reviews Edmund Morris book Dutch: A Memoir of Ronald Reagan; photo (L)9,https://www.nytimes.com/1999/10/10/books/the-hollow-man.html,Steven R Weisman reviews Edmund Morris book Dutch: A Memoir of Ronald Reagan; photo (L)9,DUTCH,7,7,The New York Times,[],"[{'name': 'persons', 'value': 'Reagan, Ronald Wilson', 'rank': 1, 'major': 'N'}, {'name': 'persons', 'value': 'MORRIS, EDMUND', 'rank': 2, 'major': 'N'}, {'name': 'subject', 'value': 'Books and Literature', 'rank': 3, 'major': 'N'}, {'name': 'creative_works', 'value': 'Dutch: A Memoir of Ronald Reagan (Book)', 'rank': 4, 'major': 'N'}]",1999-10-10T05:00:00+0000,article,Book Review Desk,Books,Review,nyt://article/5ab17046-4577-56eb-b1bd-78ec90c8ab8c,1974,nyt://article/5ab17046-4577-56eb-b1bd-78ec90c8ab8c,The Hollow Man,,,The Hollow Man,,,,By Steven R. Weisman,"[{'firstname': 'Steven', 'middlename': 'R.', 'lastname': 'Weisman', 'qualifier': None, 'title': None, 'role': 'reported', 'organization': '', 'rank': 1}]",,dementia,
"WELL, at least the movies are approaching the end of the millennium with a bang, which is more than you can say for the rest of us, the real-life inhabitants of this disconnected fin de siecle. But we still might turn things around if we heed the warnings of ''American Beauty,'' ''Fight Club,'' ''Bringing Out the Dead'' and ''Magnolia'' (opening Friday). On one hand, these are films about male rage, regret and reconciliation. But they're also like shock treatment, trying to stir all of us -- both men and women -- into leading more meaningful lives as we enter the 21st century.    Talk about eyes wide shut; these films are dedicated to the notion of busting up the numbing-down of society. Armed with gallows humor and the postfeminist mantra of male empowerment, they express the pain and anger felt by lost and lonely men and boys who are starting to fight back. But they also attack much larger targets: everyone's yearning for human contact and spiritual renewal that lies under these deceptively prosperous times. It's about time, too. After toying with our adolescent fantasies for so long, the movies are finally confronting our existential angst -- the real Y2K bug.  ",https://www.nytimes.com/1999/12/12/arts/film-finding-spiritual-rebirth-in-a-valley-of-male-ennui.html,,"WELL, at least the movies are approaching the end of the millennium with a bang, which is more than you can say for the rest of us, the real-life inhabitants of this disconnected fin de siecle. But we still might turn things around if we heed the warnings of ''American Beauty,'' ''Fight Club,'' ''Bringing Out the Dead'' and ''Magnolia'' (opening Friday). On one hand, these are films about male rage, regret and reconciliation. But they're also like shock treatment, trying to stir all of us -- both men and women -- into leading more meaningful lives as we enter the 21st century.",2,15,The New York Times,[],[],1999-12-12T05:00:00+0000,article,Arts and Leisure Desk,Arts,News,nyt://article/c4a1183b-8f65-515e-b1ef-6949c42bd6c8,1948,nyt://article/c4a1183b-8f65-515e-b1ef-6949c42bd6c8,Finding Spiritual Rebirth In a Valley of Male Ennui,FILM,,FILM; Finding Spiritual Rebirth In a Valley of Male Ennui,,,,By Bill Desowitz,"[{'firstname': 'Bill', 'middlename': None, 'lastname': 'Desowitz', 'qualifier': None, 'title': None, 'role': 'reported', 'organization': '', 'rank': 1}]",,dementia,
"In this lesson plan, students use a New York Times article about a radical form of drug treatment being currently tested on heroin addicts as a springboard for research on the effects of various drugs.  Students then create informational pamphlets to be distributed throughout the school community.",https://learning.blogs.nytimes.com/1999/06/08/fighting-fire-with-fire/,"In this lesson plan, students use a New York Times article about a radical form of drug treatment being currently tested on heroin addicts as a springboard for research on the effects of various drugs.  Students then create informational pamphlets...",Note: This lesson was originally published on an older version of The Learning Network; the link to the related Times article will take you to a page on the old site.,,,The New York Times,[],[],1999-06-08T04:00:00+0000,article,,Education,News,nyt://article/3d0604ba-14f1-5ecd-ade7-ae8ad5ff97d8,2300,nyt://article/3d0604ba-14f1-5ecd-ade7-ae8ad5ff97d8,Fighting Fire with Fire,The Learning Network,,,,,,By,[],,dementia,
"Future of Washington County Fair in Greenwich, NY, is unsure after about 1,000 people, roughly a third of them children, are infected there with a particularly vicious strain of E coli bacteria; Rachel Aldrich, 3, and Ernest Webster, 79, have died, and several children are still in serious condition; state health officials say that bacteria in all liklihood seeped into fair's water from manure of single cow; lawsuit filed against fair organizers suggests that they were negligent in serving untreated water drawn near a cattle barn; photo; map (M)",https://www.nytimes.com/1999/09/20/nyregion/deadly-germ-taints-tradition-e-coli-devastates-families-leaves-fair-doubt.html,"Future of Washington County Fair in Greenwich, NY, is unsure after about 1,000 people, roughly a third of them children, are infected there with a particularly vicious strain of E coli bacteria; Rachel Aldrich, 3, and Ernest Webster, 79, have died...","In this rolling dairy country between the Hudson River and Vermont, the farmers are fiercely protective of the Washington County Fair.",B,1,The New York Times,[],"[{'name': 'organizations', 'value': 'WASHINGTON COUNTY FAIR', 'rank': 1, 'major': 'N'}, {'name': 'persons', 'value': 'Webster, Ernest', 'rank': 2, 'major': 'N'}, {'name': 'persons', 'value': 'Aldrich, Rachel', 'rank': 3, 'major': 'N'}, {'name': 'subject', 'value': 'Livestock', 'rank': 4, 'major': 'N'}, {'name': 'subject', 'value': 'State and County Fairs', 'rank': 5, 'major': 'N'}, {'name': 'subject', 'value': 'E Coli (Bacteria)', 'rank': 6, 'major': 'N'}, {'name': 'subject', 'value': 'Water', 'rank': 7, 'major': 'N'}, {'name': 'subject', 'value': 'Bacteria', 'rank': 8, 'major': 'N'}, {'name': 'subject', 'value': 'Food Contamination and Poisoning', 'rank': 9, 'major': 'N'}]",1999-09-20T05:00:00+0000,article,Metropolitan Desk,New York,News,nyt://article/8158c10d-30f2-549c-87b7-ecfc49442a88,2718,nyt://article/8158c10d-30f2-549c-87b7-ecfc49442a88,A Deadly Germ Taints a Tradition; E. Coli Devastates Families and Leaves a Fair in Doubt,,,A Deadly Germ Taints a Tradition; E. Coli Devastates Families and Leaves a Fair in Doubt,,,,By David Barstow,"[{'firstname': 'David', 'middlename': None, 'lastname': 'Barstow', 'qualifier': None, 'title': None, 'role': 'reported', 'organization': '', 'rank': 1}]",,dementia,
"Special report, Borrowers Beware, on growing trend toward high-interest lending in poor neighborhoods by big banks; banks are reaping high profits but many low-income homeowners are unable to pay mortgages; big lenders like Chase Manhattan, Norwest, Nationsbank, General Electric, Key Corp, Countrywide Credit Industries and others have expanded involvement in high-interest lending, which became big business in low-income neighborhoods nationwide after 1986, when change in Federal tax code gave break to homeowners who took out second mortgages; complaints have since mushroomed about unscrupulous finance companies that single out homeowners, especially many elderly with substantial equity on homes; suit against Bankers Trust and partner Delta Funding for allegedly violating Federal law prohibiting making loans based solely on equity in house and not on homeowners ability to pay noted; case of Gloria Knight, retired teacher who faces foreclosure on Brooklyn row house, which Delta salesman persuaded her to put up as collateral for $88,000 loan, discussed; photos (M)",https://www.nytimes.com/1999/01/18/nyregion/borrowers-beware-special-report-suits-say-unscrupulous-lending-taking-homes-poor.html,"Special report, Borrowers Beware, on growing trend toward high-interest lending in poor neighborhoods by big banks; banks are reaping high profits but many low-income homeowners are unable to pay mortgages; big lenders like Chase Manhattan, Norwes...","By all appearances, the loan agreement Gloria Knight signed in 1995 was a classic transaction between savvy mortgage salesmen and an unsophisticated borrower in a poor Brooklyn neighborhood.",A,1,The New York Times,[],"[{'name': 'organizations', 'value': 'Bankers Trust Co', 'rank': 1, 'major': 'N'}, {'name': 'organizations', 'value': 'Nationsbank', 'rank': 2, 'major': 'N'}, {'name': 'organizations', 'value': 'General Electric Co', 'rank': 3, 'major': 'N'}, {'name': 'organizations', 'value': 'KeyCorp', 'rank': 4, 'major': 'N'}, {'name': 'organizations', 'value': 'COUNTRYWIDE CREDIT INDUSTRIES', 'rank': 5, 'major': 'N'}, {'name': 'organizations', 'value': 'Chase Manhattan Bank', 'rank': 6, 'major': 'N'}, {'name': 'organizations', 'value': 'Delta Funding', 'rank': 7, 'major': 'N'}, {'name': 'organizations', 'value': 'Norwest Corp', 'rank': 8, 'major': 'N'}, {'name': 'subject', 'value': 'Mortgages', 'rank': 9, 'major': 'N'}, {'name': 'subject', 'value': 'Housing', 'rank': 10, 'major': 'N'}, {'name': 'subject', 'value': 'Interest Rates', 'rank': 11, 'major': 'N'}, {'name': 'subject', 'value': 'Ethics', 'rank': 12, 'major': 'N'}, {'name': 'subject', 'value': 'AGED', 'rank': 13, 'major': 'N'}, {'name': 'subject', 'value': 'Credit', 'rank': 14, 'major': 'N'}, {'name': 'subject', 'value': 'Foreclosures', 'rank': 15, 'major': 'N'}]",1999-01-18T05:00:00+0000,article,Metropolitan Desk,New York,Special Report,nyt://article/5c1e11bb-e5f9-572e-82df-952cb262d73b,2984,nyt://article/5c1e11bb-e5f9-572e-82df-952cb262d73b,BORROWERS BEWARE: A Special Report; Suits Say Unscrupulous Lending Is Taking Homes From the Poor,,,BORROWERS BEWARE: A Special Report; Suits Say Unscrupulous Lending Is Taking Homes From the Poor,,,,By Randy Kennedy,"[{'firstname': 'Randy', 'middlename': None, 'lastname': 'Kennedy', 'qualifier': None, 'title': None, 'role': 'reported', 'organization': '', 'rank': 1}]",,dementia,
"Third article in series, Life Death and Managed Care, examining year in life of three interns at St Luke's-Roosevelt Hospital Center in Manhattan who left medical school brimming with optimism and muted expectations but are struggling to find their balance in world of diminished resources and warp speed resulting from advent of managed care; Drs Jennifer James, Edward Lathan and Bryan Holland, infused with medical school idealism, have struggled to come to terms with hospital's managed care economics and protocols; their income has remained at same levels no matter how many patients they treat or how fast they treat them; to certain extent they feel encased in magic membrane that shields them from reality, being taught by doctors who are unsure how--and often less than willing--to teach for new medical world; from rush of their own experiences they are slowly adopting their own biases toward managed care; photos (L)",https://www.nytimes.com/1999/11/16/nyregion/after-med-school-the-a-b-c-s-of-insurance.html,"Third article in series, Life Death and Managed Care, examining year in life of three interns at St Luke's-Roosevelt Hospital Center in Manhattan who left medical school brimming with optimism and muted expectations but are struggling to find thei...","The investigators came late last January, on a Thursday. They were deliberately cryptic. All they would tell St. Luke's-Roosevelt Hospital Center was that they were looking into a possible violation of the federal ''anti-dumping'' law, which prohibits hospitals from refusing to at least examine and stabilize patients who cannot pay. It was serious business. Only a handful of cases were investigated each year. Not until the investigators left did the hospital learn what it was all about.",A,1,The New York Times,[],"[{'name': 'organizations', 'value': ""St Luke's-Roosevelt Hospital Center"", 'rank': 1, 'major': 'N'}, {'name': 'persons', 'value': 'Lathan, Edward', 'rank': 2, 'major': 'N'}, {'name': 'persons', 'value': 'James, Jennifer', 'rank': 3, 'major': 'N'}, {'name': 'persons', 'value': 'Holland, Bryan', 'rank': 4, 'major': 'N'}, {'name': 'subject', 'value': 'HEALTH MAINTENANCE ORGANIZATIONS AND MANAGED CARE', 'rank': 5, 'major': 'N'}, {'name': 'subject', 'value': 'Surveys and Series', 'rank': 6, 'major': 'N'}, {'name': 'subject', 'value': 'Doctors', 'rank': 7, 'major': 'N'}, {'name': 'subject', 'value': 'Medicine and Health', 'rank': 8, 'major': 'N'}]",1999-11-16T05:00:00+0000,article,Metropolitan Desk,New York,Series,nyt://article/87fe0f4e-4d81-5c55-854b-f85c8b0cc1cc,5301,nyt://article/87fe0f4e-4d81-5c55-854b-f85c8b0cc1cc,"After Med School, the A B C's of Insurance",,,"After Med School, the A B C's of Insurance",,,,By N. R. Kleinfield,"[{'firstname': 'N.', 'middlename': 'R.', 'lastname': 'Kleinfield', 'qualifier': None, 'title': None, 'role': 'reported', 'organization': '', 'rank': 1}]",,dementia,
Dr Archinto P Anzil letter on Alan Ryan Jan 24 review of Nietzsche and Wagner: A Lesson in Subjugation by Joachim Kohler (S),https://www.nytimes.com/1999/02/14/books/l-nietzsche-and-wagner-202282.html,Dr Archinto P Anzil letter on Alan Ryan Jan 24 review of Nietzsche and Wagner: A Lesson in Subjugation by Joachim Kohler (S),To the Editor:,7,4,The New York Times,[],"[{'name': 'persons', 'value': 'Anzil, Archinto P', 'rank': 1, 'major': 'N'}, {'name': 'persons', 'value': 'Wagner, Richard', 'rank': 2, 'major': 'N'}, {'name': 'persons', 'value': 'Ryan, Alan', 'rank': 3, 'major': 'N'}, {'name': 'persons', 'value': 'Nietzsche, Friedrich', 'rank': 4, 'major': 'N'}, {'name': 'persons', 'value': 'Kohler, Joachim', 'rank': 5, 'major': 'N'}, {'name': 'subject', 'value': 'Books and Literature', 'rank': 6, 'major': 'N'}, {'name': 'creative_works', 'value': 'NIETZSCHE AND WAGNER: A LESSON IN SUBJUGATION (BOOK)', 'rank': 7, 'major': 'N'}]",1999-02-14T05:00:00+0000,article,Book Review Desk,Books,Letter,nyt://article/8d816ab6-3dd3-5b96-96ed-c4318d47c390,162,nyt://article/8d816ab6-3dd3-5b96-96ed-c4318d47c390,'Nietzsche and Wagner',,,'Nietzsche and Wagner',,,,,[],,dementia,
"Dr Sheilendr Khipple letter disputes Ann R Landon' s July 27 Op-Ed article on poor treatment of aged, especially in nursing homes (S)",https://www.nytimes.com/1999/07/29/opinion/l-caring-for-the-elderly-the-system-s-got-to-give-821764.html,"Dr Sheilendr Khipple letter disputes Ann R Landon' s July 27 Op-Ed article on poor treatment of aged, especially in nursing homes (S)",To the Editor:,A,20,The New York Times,[],"[{'name': 'persons', 'value': 'Khipple, Sheilendr', 'rank': 1, 'major': 'N'}, {'name': 'persons', 'value': 'Langdon, Ann R', 'rank': 2, 'major': 'N'}, {'name': 'subject', 'value': 'HEALTH INSURANCE', 'rank': 3, 'major': 'N'}, {'name': 'subject', 'value': 'AGED', 'rank': 4, 'major': 'N'}, {'name': 'subject', 'value': 'Medicine and Health', 'rank': 5, 'major': 'N'}, {'name': 'subject', 'value': 'Nursing Homes', 'rank': 6, 'major': 'N'}]",1999-07-29T05:00:00+0000,article,Editorial Desk,Opinion,Letter,nyt://article/2f892e57-e098-5196-a158-2e6df10e5276,126,nyt://article/2f892e57-e098-5196-a158-2e6df10e5276,Caring for the Elderly: The System's Got to Give,,,Caring for the Elderly: The System's Got to Give,,,,,[],,dementia,
" To the Editor:    An Oct. 3 front-page article discussed the use of bone-marrow transplants to treat breast cancer. At Memorial Medical Center, where I am chairman of medicine, these transplants are performed more often than appendectomies. In New Orleans, three hospitals operate expensive bone-marrow transplant centers, yet no hospital has a burn unit. There is no profit in treating burn victims, who are often poor and uninsured.   ",https://www.nytimes.com/1999/10/10/opinion/l-risky-cancer-therapy-897019.html,,To the Editor:,4,14,The New York Times,[],[],1999-10-10T05:00:00+0000,article,Editorial Desk,Opinion,Letter,nyt://article/9292abf0-182f-5c0d-9e85-ac76019a6262,112,nyt://article/9292abf0-182f-5c0d-9e85-ac76019a6262,Risky Cancer Therapy,,,Risky Cancer Therapy,,,,,[],,dementia,
Letter from Angeli R Rasbury says she joins Ann R Langdon (July 27 Op-Ed) in questioning training and compassion of staff in nursing homes (S),https://www.nytimes.com/1999/08/01/opinion/l-families-are-key-to-better-care-for-the-elderly-865168.html,Letter from Angeli R Rasbury says she joins Ann R Langdon (July 27 Op-Ed) in questioning training and compassion of staff in nursing homes (S),To the Editor:,4,14,The New York Times,[],"[{'name': 'persons', 'value': 'Rasbury, Angeli R', 'rank': 1, 'major': 'N'}, {'name': 'persons', 'value': 'Langdon, Ann R', 'rank': 2, 'major': 'N'}, {'name': 'subject', 'value': 'Nursing Homes', 'rank': 3, 'major': 'N'}]",1999-08-01T05:00:00+0000,article,Editorial Desk,Opinion,Letter,nyt://article/19e74b58-f214-5844-8d2f-8a3488954900,171,nyt://article/19e74b58-f214-5844-8d2f-8a3488954900,Families Are Key to Better Care for the Elderly,,,Families Are Key to Better Care for the Elderly,,,,,[],,dementia,
"Clark Freshman letter says dirty little secret of medicine is that doctors often dismiss elderly patient's ailment as brain damage when it is, in fact, depression that is often treatable (S)",https://www.nytimes.com/1999/09/10/opinion/l-when-depression-isn-t-as-it-seems-441651.html,"Clark Freshman letter says dirty little secret of medicine is that doctors often dismiss elderly patient's ailment as brain damage when it is, in fact, depression that is often treatable (S)",To the Editor:,A,24,The New York Times,[],"[{'name': 'persons', 'value': 'Freshman, Clark', 'rank': 1, 'major': 'N'}, {'name': 'subject', 'value': 'AGED', 'rank': 2, 'major': 'N'}, {'name': 'subject', 'value': 'Mental Health and Disorders', 'rank': 3, 'major': 'N'}, {'name': 'subject', 'value': 'Depression (Mental)', 'rank': 4, 'major': 'N'}]",1999-09-10T05:00:00+0000,article,Editorial Desk,Opinion,Letter,nyt://article/bcbf5b34-0298-5e2f-aeab-057e6852909c,174,nyt://article/bcbf5b34-0298-5e2f-aeab-057e6852909c,When Depression Isn't as It Seems,,,When Depression Isn't as It Seems,,,,,[],,dementia,
